release,method,path,loc,wmc,assignmentsQty,mathOperationsQty,qtyTryCatch,qtyReturn,fanin,fanout,age,nAuth,nr,nSmell,buggy
4.0.0,canProceedWithRecovery,bookkeeper-server/src/main/java/org/apache/bookkeeper/client/DistributionSchedule.java,1,1,0,0,0,0,1,0,4,2,2,0,false
4.0.0,processResult,bookkeeper-server/src/main/java/org/apache/bookkeeper/bookie/EntryLogger.java,76,18,7,8,5,2,0,14,4,2,8,12,false
4.0.0,operationFinished,hedwig-client/src/main/java/org/apache/hedwig/client/handlers/PubSubCallback.java,8,2,2,1,0,0,0,0,4,1,2,0,false
4.0.0,readEntryComplete,bookkeeper-server/src/main/java/org/apache/bookkeeper/client/ReadLastConfirmedOp.java,30,10,5,2,1,1,0,2,131,2,5,2,false
4.0.0,processResult,bookkeeper-server/src/main/java/org/apache/bookkeeper/client/LedgerDeleteOp.java,3,1,0,0,0,0,0,1,4,2,3,0,false
4.0.0,uncaughtException,hedwig-server/src/main/java/org/apache/hedwig/server/proxy/HedwigProxy.java,3,1,0,0,0,0,0,0,4,1,3,0,false
4.0.0,tick,hedwig-client/src/main/java/org/apache/hedwig/util/CallbackUtils.java,10,3,0,0,0,0,3,3,4,2,3,0,false
4.0.0,getLocalAddress,bookkeeper-server/src/main/java/org/apache/bookkeeper/proto/BookieServer.java,8,2,0,0,1,2,0,2,4,3,10,1,false
4.0.0,zeroPage,bookkeeper-server/src/main/java/org/apache/bookkeeper/bookie/LedgerEntryPage.java,6,1,1,0,0,0,2,1,4,2,2,0,false
4.0.0,disableRecv,bookkeeper-server/src/main/java/org/apache/bookkeeper/proto/NIOServerFactory.java,3,1,0,0,0,0,0,0,4,3,7,0,false
4.0.0,getBookieIndex,bookkeeper-server/src/main/java/org/apache/bookkeeper/client/DistributionSchedule.java,1,1,0,0,0,0,4,0,4,2,2,0,false
4.0.0,main,bookkeeper-benchmark/src/main/java/org/apache/bookkeeper/benchmark/MySqlClient.java,22,5,3,0,1,0,0,4,4,2,3,0,false
4.0.0,operationFinished,hedwig-server/src/main/java/org/apache/hedwig/server/subscriptions/AbstractSubscriptionManager.java,4,1,0,0,0,0,0,18,4,2,3,0,false
4.0.0,tick,bookkeeper-server/src/main/java/org/apache/bookkeeper/tools/BookKeeperTools.java,10,3,0,0,0,0,1,0,4,2,5,1,false
4.0.0,run,hedwig-server/src/main/java/org/apache/hedwig/server/proxy/HedwigProxy.java,7,1,2,0,0,0,0,3,4,1,3,0,false
4.0.0,notifyUnsubcribe,hedwig-server/src/main/java/org/apache/hedwig/server/subscriptions/AbstractSubscriptionManager.java,3,2,0,0,0,0,2,0,4,2,3,0,false
4.0.0,deleteDirectory,hedwig-client/src/main/java/org/apache/hedwig/util/FileUtils.java,18,6,1,2,0,2,2,1,4,1,1,0,false
4.0.0,isRunning,bookkeeper-server/src/main/java/org/apache/bookkeeper/proto/BookieServer.java,3,1,0,0,0,1,0,2,4,3,10,0,false
4.0.0,markLedgerInRecovery,bookkeeper-server/src/main/java/org/apache/bookkeeper/client/LedgerMetadata.java,3,1,1,0,0,0,1,0,4,3,6,0,false
4.0.0,getMinimumSeqId,hedwig-server/src/main/java/org/apache/hedwig/server/delivery/FIFODeliveryManager.java,7,3,1,1,0,2,1,0,4,2,3,2,false
4.0.0,getSrcSeqId,hedwig-client/src/main/java/org/apache/hedwig/client/benchmark/BenchmarkSubscriber.java,9,4,0,0,0,3,2,0,4,1,3,4,false
4.0.0,getPeerName,bookkeeper-server/src/main/java/org/apache/bookkeeper/proto/NIOServerFactory.java,6,2,1,0,0,1,1,0,4,3,7,1,false
4.0.0,instantiateTopicManager,hedwig-server/src/main/java/org/apache/hedwig/server/netty/PubSubServer.java,16,3,2,0,1,1,1,3,4,2,5,0,false
4.0.0,asyncProcessLedgersInSingleNode,bookkeeper-server/src/main/java/org/apache/bookkeeper/meta/AbstractZkLedgerManager.java,22,1,0,0,0,0,0,1,8,1,1,1,false
4.0.0,loadConf,hedwig-client/src/main/java/org/apache/hedwig/conf/AbstractConfiguration.java,4,1,1,0,0,0,2,0,4,2,2,0,false
4.0.0,create,bookkeeper-server/src/main/java/org/apache/bookkeeper/client/BKException.java,40,18,0,0,0,18,11,18,4,2,3,1,false
4.0.0,getStats,bookkeeper-server/src/main/java/org/apache/bookkeeper/proto/NIOServerFactory.java,3,1,0,0,0,1,0,0,4,3,7,0,false
4.0.0,operationComplete,hedwig-client/src/main/java/org/apache/hedwig/client/netty/WriteCallback.java,22,9,3,4,0,1,0,10,4,1,3,3,false
4.0.0,getLastLogId,bookkeeper-server/src/main/java/org/apache/bookkeeper/bookie/EntryLogger.java,27,5,3,0,3,4,3,0,4,2,8,2,false
4.0.0,recoverBookieData,bookkeeper-server/src/main/java/org/apache/bookkeeper/client/BookKeeperAdmin.java,23,3,1,0,0,0,0,3,40,2,5,0,false
4.0.0,processResult,bookkeeper-server/src/main/java/org/apache/bookkeeper/client/LedgerCreateOp.java,4,1,1,0,0,0,0,1,4,2,7,0,false
4.0.0,addrToString,bookkeeper-server/src/main/java/org/apache/bookkeeper/util/StringUtils.java,3,1,0,0,0,1,1,0,4,2,2,1,false
4.0.0,close,bookkeeper-server/src/main/java/org/apache/bookkeeper/proto/NIOServerFactory.java,40,8,2,1,5,1,2,0,4,3,7,5,false
4.0.0,errorOutAddKey,bookkeeper-server/src/main/java/org/apache/bookkeeper/proto/PerChannelBookieClient.java,15,1,0,0,0,0,2,2,4,3,8,2,false
4.0.0,getEnsembles,bookkeeper-server/src/main/java/org/apache/bookkeeper/client/LedgerMetadata.java,3,1,0,0,0,1,5,0,4,3,6,0,false
4.0.0,submitCallback,bookkeeper-server/src/main/java/org/apache/bookkeeper/client/PendingReadOp.java,3,1,0,0,0,0,2,1,4,2,3,0,false
4.0.0,instantiateSubscriptionManager,hedwig-server/src/main/java/org/apache/hedwig/server/netty/PubSubServer.java,8,2,0,0,0,2,1,1,4,2,5,0,false
4.0.0,writeComplete,bookkeeper-server/src/main/java/org/apache/bookkeeper/proto/BookkeeperInternalCallbacks.java,1,1,0,0,0,0,4,0,4,2,2,0,false
4.0.0,readEntry,bookkeeper-server/src/main/java/org/apache/bookkeeper/bookie/EntryLogger.java,40,7,13,8,1,1,1,2,4,2,8,9,false
4.0.0,readPage,bookkeeper-server/src/main/java/org/apache/bookkeeper/bookie/LedgerEntryPage.java,10,3,1,5,0,0,1,4,4,2,2,0,false
4.0.0,isSpecialZnode,bookkeeper-server/src/main/java/org/apache/bookkeeper/meta/AbstractZkLedgerManager.java,6,3,0,0,0,2,1,0,8,1,1,1,false
4.0.0,getLedgerId,bookkeeper-server/src/main/java/org/apache/bookkeeper/bookie/LedgerDescriptor.java,3,1,0,0,0,1,1,0,4,2,4,0,false
4.0.0,addListener,hedwig-server/src/main/java/org/apache/hedwig/server/subscriptions/AbstractSubscriptionManager.java,3,1,0,0,0,0,0,0,4,2,3,0,false
4.0.0,getReplicaIndex,bookkeeper-server/src/main/java/org/apache/bookkeeper/client/DistributionSchedule.java,1,1,0,0,0,0,3,0,4,2,2,0,false
4.0.0,start,bookkeeper-server/src/main/java/org/apache/bookkeeper/proto/BookieServer.java,6,1,3,0,0,0,4,5,4,3,10,0,false
4.0.0,recoverLedger,bookkeeper-server/src/main/java/org/apache/bookkeeper/client/BookKeeperAdmin.java,29,1,0,0,0,0,1,1,40,2,5,5,false
4.0.0,readEntryComplete,bookkeeper-server/src/main/java/org/apache/bookkeeper/client/LedgerRecoveryOp.java,33,9,11,2,1,2,0,4,4,2,5,2,false
4.0.0,processPacket,bookkeeper-server/src/main/java/org/apache/bookkeeper/proto/NIOServerFactory.java,1,1,0,0,0,0,1,0,4,3,7,0,false
4.0.0,inc,bookkeeper-server/src/main/java/org/apache/bookkeeper/client/SyncCounter.java,4,1,0,0,0,0,8,0,4,1,1,0,false
4.0.0,toInt,bookkeeper-server/src/main/java/org/apache/bookkeeper/proto/BookieProtocol.java,8,2,0,2,0,2,4,0,4,2,3,0,false
4.0.0,getVersion,bookkeeper-server/src/main/java/org/apache/bookkeeper/proto/BookieProtocol.java,3,1,0,0,0,1,1,0,4,2,3,0,false
4.0.0,asyncGetLedgersInSingleNode,bookkeeper-server/src/main/java/org/apache/bookkeeper/meta/AbstractZkLedgerManager.java,16,1,0,0,0,0,2,0,8,1,1,2,false
4.0.0,close,bookkeeper-server/src/main/java/org/apache/bookkeeper/meta/AbstractZkLedgerManager.java,2,1,0,0,0,0,0,0,8,1,1,0,false
4.0.0,close,bookkeeper-server/src/main/java/org/apache/bookkeeper/client/BookKeeperAdmin.java,4,1,0,0,0,0,0,1,40,2,5,0,false
4.0.0,join,bookkeeper-server/src/main/java/org/apache/bookkeeper/proto/BookieServer.java,3,1,0,0,0,0,1,0,4,3,10,0,false
4.0.0,safeRun,bookkeeper-server/src/main/java/org/apache/bookkeeper/util/SafeRunnable.java,1,1,0,0,0,0,1,0,4,1,2,0,false
4.0.0,toString,bookkeeper-server/src/main/java/org/apache/bookkeeper/proto/PerChannelBookieClient.java,3,1,0,0,0,1,0,0,4,3,8,0,false
4.0.0,getIsCallSuccessful,hedwig-client/src/main/java/org/apache/hedwig/client/handlers/PubSubCallback.java,3,1,0,0,0,1,4,0,4,1,2,0,false
4.0.0,exceptionCaught,bookkeeper-server/src/main/java/org/apache/bookkeeper/proto/PerChannelBookieClient.java,11,4,1,1,0,2,0,0,4,3,8,1,false
4.0.0,unsubscribe,hedwig-server/src/main/java/org/apache/hedwig/server/subscriptions/AbstractSubscriptionManager.java,3,1,0,0,0,0,0,1,4,2,3,0,false
4.0.0,makeSpace,bookkeeper-server/src/main/java/org/apache/bookkeeper/streaming/LedgerOutputStream.java,10,3,0,0,0,2,3,1,4,1,2,0,false
4.0.0,initializeZookeper,bookkeeper-server/src/main/java/org/apache/bookkeeper/util/LocalBookKeeper.java,17,4,1,0,1,0,1,1,4,3,5,0,false
4.0.0,operationFailed,hedwig-client/src/main/java/org/apache/hedwig/client/handlers/SubscribeReconnectCallback.java,4,1,0,1,0,0,0,1,4,1,3,0,false
4.0.0,retryErroredSubscriberAfterDelay,hedwig-server/src/main/java/org/apache/hedwig/server/delivery/FIFODeliveryManager.java,6,2,0,0,0,0,2,1,4,2,3,0,false
4.0.0,isClosed,bookkeeper-server/src/main/java/org/apache/bookkeeper/client/LedgerMetadata.java,3,3,0,0,0,1,6,0,4,3,6,0,false
4.0.0,asyncCloseSubscription,hedwig-client/src/main/java/org/apache/hedwig/client/netty/HedwigSubscriber.java,26,3,4,2,0,0,2,3,4,1,3,2,false
4.0.0,getPageSize,bookkeeper-server/src/main/java/org/apache/bookkeeper/bookie/LedgerCache.java,3,1,0,0,0,1,1,0,4,2,6,0,false
4.0.0,performRequest,hedwig-server/src/main/java/org/apache/hedwig/server/delivery/FIFODeliveryManager.java,3,1,1,0,0,0,0,0,4,2,3,0,false
4.0.0,getPipeline,hedwig-client/src/main/java/org/apache/hedwig/client/netty/ClientChannelPipelineFactory.java,12,2,1,0,0,1,0,3,4,1,2,3,false
4.0.0,operationComplete,hedwig-server/src/main/java/org/apache/hedwig/server/proxy/ProxyStartDeliveryHandler.java,6,2,0,0,0,1,0,0,4,1,3,0,false
4.0.0,getSessionTimeout,bookkeeper-server/src/main/java/org/apache/bookkeeper/proto/NIOServerFactory.java,3,1,0,0,0,1,0,0,4,3,7,0,false
4.0.0,fromInt,bookkeeper-server/src/main/java/org/apache/bookkeeper/proto/BookieProtocol.java,13,2,6,2,0,1,2,1,4,2,3,0,false
4.0.0,removeDeliveryPtr,hedwig-server/src/main/java/org/apache/hedwig/server/delivery/FIFODeliveryManager.java,17,9,2,2,0,1,2,1,4,2,3,0,false
4.0.0,readMasterKey,bookkeeper-server/src/main/java/org/apache/bookkeeper/bookie/FileInfo.java,18,4,5,1,0,2,2,1,4,2,4,2,false
4.0.0,initiate,bookkeeper-server/src/main/java/org/apache/bookkeeper/client/LedgerRecoveryOp.java,6,2,2,0,0,0,3,2,4,2,5,0,false
4.0.0,initializeNetty,hedwig-server/src/main/java/org/apache/hedwig/server/netty/PubSubServer.java,13,3,4,0,0,0,1,1,4,2,5,0,false
4.0.0,getLedgerPasswd,bookkeeper-server/src/main/java/org/apache/bookkeeper/client/BookKeeperAdmin.java,3,1,0,0,0,1,2,0,40,2,5,0,false
4.0.0,write,bookkeeper-server/src/main/java/org/apache/bookkeeper/streaming/LedgerOutputStream.java,5,1,1,0,0,0,0,1,4,1,2,0,false
4.0.0,scanFailed,hedwig-server/src/main/java/org/apache/hedwig/server/delivery/FIFODeliveryManager.java,6,2,0,0,0,1,0,1,4,2,3,0,false
4.0.0,handle,hedwig-server/src/main/java/org/apache/hedwig/server/benchmark/AbstractBenchmark.java,15,5,1,3,0,1,1,1,4,1,2,0,false
4.0.0,process,bookkeeper-server/src/main/java/org/apache/bookkeeper/tools/BookKeeperTools.java,5,2,0,1,0,0,0,0,4,2,5,0,false
4.0.0,runZookeeper,bookkeeper-server/src/main/java/org/apache/bookkeeper/util/LocalBookKeeper.java,17,2,4,1,1,0,1,1,4,3,5,1,false
4.0.0,setrc,bookkeeper-server/src/main/java/org/apache/bookkeeper/client/SyncCounter.java,3,1,1,0,0,0,6,0,4,1,1,0,false
4.0.0,deleteSubscriptionState,hedwig-server/src/main/java/org/apache/hedwig/server/subscriptions/AbstractSubscriptionManager.java,1,1,0,0,0,0,1,0,4,2,3,0,false
4.0.0,canProceedWithRecovery,bookkeeper-server/src/main/java/org/apache/bookkeeper/client/RoundRobinDistributionSchedule.java,20,6,5,1,0,3,0,1,4,1,1,0,false
4.0.0,multinCallback,hedwig-client/src/main/java/org/apache/hedwig/util/CallbackUtils.java,3,1,0,0,0,1,0,1,4,2,3,0,false
4.0.0,getBookieIndex,bookkeeper-server/src/main/java/org/apache/bookkeeper/client/RoundRobinDistributionSchedule.java,3,1,0,2,0,1,0,0,4,1,1,0,false
4.0.0,moveDeliveryPtrForward,hedwig-server/src/main/java/org/apache/hedwig/server/delivery/FIFODeliveryManager.java,3,1,0,0,0,0,1,2,4,2,3,0,false
4.0.0,getMessage,bookkeeper-server/src/main/java/org/apache/bookkeeper/bookie/BookieException.java,12,4,0,0,0,4,0,0,4,2,2,0,false
4.0.0,serialize,bookkeeper-server/src/main/java/org/apache/bookkeeper/client/LedgerMetadata.java,19,5,1,1,0,1,1,1,4,3,6,0,false
4.0.0,writeMasterKey,bookkeeper-server/src/main/java/org/apache/bookkeeper/bookie/FileInfo.java,12,3,2,3,0,0,1,0,4,2,4,2,false
4.0.0,getPercentile,hedwig-client/src/main/java/org/apache/hedwig/client/benchmark/BenchmarkUtils.java,11,3,4,6,0,2,1,0,4,1,2,0,false
4.0.0,addTopicOwnershipChangeListener,hedwig-server/src/main/java/org/apache/hedwig/server/topics/AbstractTopicManager.java,3,1,0,0,0,0,0,0,4,2,3,0,false
4.0.0,close,bookkeeper-server/src/main/java/org/apache/bookkeeper/bookie/LedgerDescriptor.java,2,1,0,0,0,0,1,0,4,2,4,0,false
4.0.0,isBookieRunning,bookkeeper-server/src/main/java/org/apache/bookkeeper/proto/BookieServer.java,3,1,0,0,0,1,1,1,4,3,10,0,false
4.0.0,getOpCode,bookkeeper-server/src/main/java/org/apache/bookkeeper/proto/BookieProtocol.java,3,1,0,0,0,1,2,0,4,2,3,0,false
4.0.0,buildResponse,bookkeeper-server/src/main/java/org/apache/bookkeeper/proto/BookieServer.java,9,1,1,0,0,1,2,2,4,3,10,4,false
4.0.0,nop,hedwig-client/src/main/java/org/apache/hedwig/util/CallbackUtils.java,3,1,0,0,0,1,2,0,4,2,3,0,false
4.0.0,compare,bookkeeper-server/src/main/java/org/apache/bookkeeper/bookie/LedgerCache.java,3,1,0,1,0,1,0,1,4,2,6,0,false
4.0.0,halt,bookkeeper-server/src/main/java/org/apache/bookkeeper/client/BookieWatcher.java,3,1,0,0,0,0,1,0,4,1,3,0,false
4.0.0,realReleaseTopic,hedwig-server/src/main/java/org/apache/hedwig/server/topics/AbstractTopicManager.java,5,2,0,0,0,0,2,1,4,2,3,0,false
4.0.0,enableRecoveryAdd,bookkeeper-server/src/main/java/org/apache/bookkeeper/client/PendingAddOp.java,4,1,1,0,0,1,1,0,4,2,3,0,false
4.0.0,summarize,hedwig-client/src/main/java/org/apache/hedwig/client/benchmark/BenchmarkUtils.java,4,1,1,6,0,1,2,2,4,1,2,0,false
4.0.0,readComplete,bookkeeper-server/src/main/java/org/apache/bookkeeper/client/BookKeeperAdmin.java,24,2,3,1,0,1,0,16,40,2,5,5,false
4.0.0,update,bookkeeper-server/src/main/java/org/apache/bookkeeper/client/CRC32DigestManager.java,3,1,0,0,0,0,0,1,4,1,1,0,false
4.0.0,call,hedwig-client/src/main/java/org/apache/hedwig/client/benchmark/BenchmarkSubscriber.java,33,3,4,2,0,1,1,6,4,1,3,1,false
4.0.0,getReplicaIndex,bookkeeper-server/src/main/java/org/apache/bookkeeper/client/RoundRobinDistributionSchedule.java,4,2,1,1,0,1,0,1,4,1,1,0,false
4.0.0,consume,hedwig-client/src/main/java/org/apache/hedwig/client/api/MessageHandler.java,1,1,0,0,0,0,0,0,4,1,2,0,false
4.0.0,operationFailed,hedwig-server/src/main/java/org/apache/hedwig/server/subscriptions/AbstractSubscriptionManager.java,4,1,0,1,0,0,0,0,4,2,3,0,false
4.0.0,getDefaultServerHost,hedwig-client/src/main/java/org/apache/hedwig/client/conf/ClientConfiguration.java,4,2,0,0,0,2,8,2,4,1,2,2,false
4.0.0,addDirToDelete,hedwig-client/src/main/java/org/apache/hedwig/util/FileUtils.java,3,1,0,0,0,0,1,0,4,1,1,0,false
4.0.0,errorOutReadKey,bookkeeper-server/src/main/java/org/apache/bookkeeper/proto/PerChannelBookieClient.java,12,1,0,0,0,0,2,2,4,3,8,1,false
4.0.0,getOwner,hedwig-server/src/main/java/org/apache/hedwig/server/topics/AbstractTopicManager.java,3,1,0,0,0,0,0,1,4,2,3,0,false
4.0.0,initiate,bookkeeper-server/src/main/java/org/apache/bookkeeper/client/PendingReadOp.java,19,4,6,1,0,0,2,4,4,2,3,3,false
4.0.0,initiate,bookkeeper-server/src/main/java/org/apache/bookkeeper/client/LedgerCreateOp.java,3,1,0,0,0,0,2,3,4,2,7,0,false
4.0.0,operationFailed,hedwig-server/src/main/java/org/apache/hedwig/server/topics/AbstractTopicManager.java,4,1,0,0,0,0,0,2,4,2,3,0,false
4.0.0,getLedgerDigestType,bookkeeper-server/src/main/java/org/apache/bookkeeper/tools/BookKeeperTools.java,3,1,0,0,0,1,1,0,4,2,5,0,false
4.0.0,getPacketsSent,bookkeeper-server/src/main/java/org/apache/bookkeeper/proto/NIOServerFactory.java,3,1,0,0,0,1,1,0,4,3,7,0,false
4.0.0,getNewBookie,bookkeeper-server/src/main/java/org/apache/bookkeeper/client/BookKeeperAdmin.java,9,2,1,0,0,1,1,1,40,2,5,0,false
4.0.0,writeComplete,hedwig-server/src/main/java/org/apache/hedwig/server/benchmark/BookieBenchmark.java,3,2,0,0,0,0,0,6,4,2,4,0,false
4.0.0,doGcEntryLogs,bookkeeper-server/src/main/java/org/apache/bookkeeper/bookie/EntryLogger.java,32,8,3,2,2,0,1,2,4,2,8,7,false
4.0.0,operationFinished,hedwig-client/src/main/java/org/apache/hedwig/client/handlers/MessageConsumeCallback.java,6,1,3,0,0,0,0,7,4,1,3,3,false
4.0.0,getChannelForTopic,hedwig-client/src/main/java/org/apache/hedwig/client/netty/HedwigSubscriber.java,3,1,0,0,0,1,2,0,4,1,3,0,false
4.0.0,readComplete,bookkeeper-server/src/main/java/org/apache/bookkeeper/client/LedgerRecoveryOp.java,29,4,3,2,0,3,0,11,4,2,5,3,false
4.0.0,operationComplete,hedwig-client/src/main/java/org/apache/hedwig/client/netty/HedwigSubscriber.java,9,2,0,2,0,0,0,5,4,1,3,0,false
4.0.0,getRemoteAddress,bookkeeper-server/src/main/java/org/apache/bookkeeper/proto/NIOServerFactory.java,3,1,0,0,0,1,0,0,4,3,7,1,false
4.0.0,chooseThread,bookkeeper-server/src/main/java/org/apache/bookkeeper/util/OrderedSafeExecutor.java,6,2,0,0,0,2,1,1,4,1,1,0,false
4.0.0,putIntoTable,bookkeeper-server/src/main/java/org/apache/bookkeeper/bookie/LedgerCache.java,8,2,2,0,0,0,2,2,4,2,6,0,false
4.0.0,setChannelForTopic,hedwig-client/src/main/java/org/apache/hedwig/client/netty/HedwigSubscriber.java,3,1,0,0,0,0,1,0,4,1,3,0,false
4.0.0,process,bookkeeper-server/src/main/java/org/apache/bookkeeper/util/LocalBookKeeper.java,2,1,0,0,0,0,0,0,4,3,5,0,false
4.0.0,setClean,bookkeeper-server/src/main/java/org/apache/bookkeeper/bookie/LedgerEntryPage.java,3,2,1,0,0,0,1,0,4,2,2,0,false
4.0.0,closeHandle,bookkeeper-benchmark/src/main/java/org/apache/bookkeeper/benchmark/MySqlClient.java,3,1,0,0,0,0,1,0,4,2,3,0,false
4.0.0,messageScanned,hedwig-server/src/main/java/org/apache/hedwig/server/delivery/FIFODeliveryManager.java,11,4,1,0,0,2,0,1,4,2,3,1,false
4.0.0,setFirstEntry,bookkeeper-server/src/main/java/org/apache/bookkeeper/bookie/LedgerEntryPage.java,6,2,1,2,0,0,1,0,4,2,2,0,false
4.0.0,main,bookkeeper-server/src/main/java/org/apache/bookkeeper/tools/BookKeeperTools.java,25,5,7,2,0,3,0,6,4,2,5,0,false
4.0.0,getRefCnt,bookkeeper-server/src/main/java/org/apache/bookkeeper/bookie/LedgerDescriptor.java,3,1,0,0,0,1,0,0,4,2,4,0,false
4.0.0,write,bookkeeper-server/src/main/java/org/apache/bookkeeper/bookie/BufferedChannel.java,24,5,7,3,0,1,3,0,4,2,3,0,false
4.0.0,connect,bookkeeper-server/src/main/java/org/apache/bookkeeper/proto/PerChannelBookieClient.java,44,4,3,1,0,1,3,1,4,3,8,1,false
4.0.0,recoverComplete,bookkeeper-server/src/main/java/org/apache/bookkeeper/client/BookKeeperAdmin.java,9,1,3,1,0,0,0,0,40,2,5,0,false
4.0.0,isAutoSendConsumeMessageEnabled,hedwig-client/src/main/java/org/apache/hedwig/client/conf/ClientConfiguration.java,3,1,0,0,0,1,2,0,4,1,2,0,false
4.0.0,closeComplete,bookkeeper-server/src/main/java/org/apache/bookkeeper/client/LedgerRecoveryOp.java,10,2,0,2,0,0,0,2,4,2,5,1,false
4.0.0,refill,bookkeeper-server/src/main/java/org/apache/bookkeeper/streaming/LedgerInputStream.java,25,6,7,2,1,2,3,3,4,1,2,2,false
4.0.0,getActiveLedgers,bookkeeper-server/src/main/java/org/apache/bookkeeper/tools/BookKeeperTools.java,25,1,0,0,0,0,2,0,4,2,5,2,false
4.0.0,setLedger,bookkeeper-server/src/main/java/org/apache/bookkeeper/bookie/LedgerEntryPage.java,3,1,1,0,0,0,1,0,4,2,2,0,false
4.0.0,operationComplete,bookkeeper-server/src/main/java/org/apache/bookkeeper/meta/AbstractZkLedgerManager.java,9,2,2,0,0,0,0,2,8,1,1,1,false
4.0.0,asyncSubscribe,hedwig-client/src/main/java/org/apache/hedwig/client/netty/HedwigSubscriber.java,7,2,0,1,0,1,2,2,4,1,3,0,false
4.0.0,getLastEntry,bookkeeper-server/src/main/java/org/apache/bookkeeper/bookie/LedgerCache.java,20,5,4,1,0,1,1,4,4,2,6,1,false
4.0.0,pin,bookkeeper-server/src/main/java/org/apache/bookkeeper/bookie/LedgerEntryPage.java,3,1,1,0,0,0,0,0,4,2,2,0,false
4.0.0,testAndClearSomethingWritten,bookkeeper-server/src/main/java/org/apache/bookkeeper/bookie/EntryLogger.java,8,1,1,0,1,1,1,0,4,2,8,0,false
4.0.0,shutdown,bookkeeper-server/src/main/java/org/apache/bookkeeper/proto/BookieServer.java,8,2,1,0,0,1,2,2,4,3,10,0,false
4.0.0,inUse,bookkeeper-server/src/main/java/org/apache/bookkeeper/bookie/LedgerEntryPage.java,3,2,0,0,0,1,1,0,4,2,2,0,false
4.0.0,call,hedwig-client/src/main/java/org/apache/hedwig/client/benchmark/HedwigBenchmark.java,32,4,15,2,0,1,1,6,4,2,4,1,false
4.0.0,onLastLocalUnsubscribe,hedwig-server/src/main/java/org/apache/hedwig/server/regions/RegionManager.java,19,1,0,0,0,0,0,0,4,1,3,0,false
4.0.0,update,bookkeeper-server/src/main/java/org/apache/bookkeeper/client/MacDigestManager.java,3,1,0,0,0,0,0,0,4,2,3,0,false
4.0.0,processPacket,bookkeeper-server/src/main/java/org/apache/bookkeeper/proto/BookieServer.java,92,22,18,11,2,1,0,12,4,3,10,7,false
4.0.0,consume,hedwig-client/src/main/java/org/apache/hedwig/client/benchmark/BenchmarkSubscriber.java,15,4,3,3,0,0,0,2,4,1,3,1,false
4.0.0,getLedgerId,bookkeeper-server/src/main/java/org/apache/bookkeeper/util/StringUtils.java,11,2,2,1,1,1,1,0,4,2,2,0,false
4.0.0,run,bookkeeper-server/src/main/java/org/apache/bookkeeper/bookie/EntryLogger.java,18,6,0,0,1,0,0,2,4,2,8,1,false
4.0.0,getMessage,bookkeeper-server/src/main/java/org/apache/bookkeeper/client/BKException.java,42,19,0,0,0,19,3,0,4,2,3,1,false
4.0.0,stopDelivery,hedwig-client/src/main/java/org/apache/hedwig/client/netty/HedwigSubscriber.java,19,3,3,3,0,0,0,4,4,1,3,2,false
4.0.0,enqueueWithoutFailure,hedwig-server/src/main/java/org/apache/hedwig/server/delivery/FIFODeliveryManager.java,5,2,0,1,0,0,4,0,4,2,3,0,false
4.0.0,grabCleanPage,bookkeeper-server/src/main/java/org/apache/bookkeeper/bookie/LedgerCache.java,52,12,6,2,0,2,2,10,4,2,6,18,false
4.0.0,addEnsemble,bookkeeper-server/src/main/java/org/apache/bookkeeper/client/LedgerMetadata.java,5,2,1,0,0,0,4,0,4,3,6,0,false
4.0.0,release,bookkeeper-server/src/main/java/org/apache/bookkeeper/bookie/FileInfo.java,11,4,0,0,1,0,5,0,4,2,4,0,false
4.0.0,doAsyncGetLedgersInSingleNode,bookkeeper-server/src/main/java/org/apache/bookkeeper/meta/AbstractZkLedgerManager.java,29,1,0,0,0,0,1,0,8,1,1,2,false
4.0.0,equals,bookkeeper-server/src/main/java/org/apache/bookkeeper/proto/PerChannelBookieClient.java,7,5,1,0,0,2,0,0,4,3,8,0,false
4.0.0,doOps,hedwig-server/src/main/java/org/apache/hedwig/server/benchmark/BookkeeperBenchmark.java,18,2,7,0,0,0,0,3,4,2,3,0,false
4.0.0,writeComplete,bookkeeper-server/src/main/java/org/apache/bookkeeper/tools/BookKeeperTools.java,9,2,0,1,0,0,0,5,4,2,5,1,false
4.0.0,main,hedwig-server/src/main/java/org/apache/hedwig/server/benchmark/BookkeeperBenchmark.java,4,1,1,0,0,0,0,2,4,2,3,0,false
4.0.0,toString,bookkeeper-server/src/main/java/org/apache/bookkeeper/bookie/LedgerEntryPage.java,9,2,1,0,0,1,0,2,4,2,2,0,false
4.0.0,write,bookkeeper-server/src/main/java/org/apache/bookkeeper/bookie/FileInfo.java,20,4,5,3,1,1,1,0,4,2,4,0,false
4.0.0,setLastLogId,bookkeeper-server/src/main/java/org/apache/bookkeeper/bookie/EntryLogger.java,16,2,2,1,2,0,1,0,4,2,8,2,false
4.0.0,writeComplete,bookkeeper-server/src/main/java/org/apache/bookkeeper/client/BookKeeperAdmin.java,11,3,0,2,0,0,0,5,40,2,5,1,false
4.0.0,flush,bookkeeper-server/src/main/java/org/apache/bookkeeper/bookie/EntryLogger.java,5,2,0,0,0,0,2,1,4,2,8,0,false
4.0.0,block,bookkeeper-server/src/main/java/org/apache/bookkeeper/client/SyncCounter.java,9,3,1,0,0,0,8,0,4,1,1,0,false
4.0.0,use,bookkeeper-server/src/main/java/org/apache/bookkeeper/bookie/FileInfo.java,3,1,0,0,0,0,1,0,4,2,4,0,false
4.0.0,enableRecv,bookkeeper-server/src/main/java/org/apache/bookkeeper/proto/NIOServerFactory.java,8,4,1,0,0,0,1,0,4,3,7,0,false
4.0.0,messageConsumed,hedwig-client/src/main/java/org/apache/hedwig/client/handlers/SubscribeResponseHandler.java,18,9,3,3,0,0,0,5,4,3,5,3,false
4.0.0,deliverNextMessage,hedwig-server/src/main/java/org/apache/hedwig/server/delivery/FIFODeliveryManager.java,8,2,2,0,0,1,3,1,4,2,3,0,false
4.0.0,run,hedwig-server/src/main/java/org/apache/hedwig/server/delivery/FIFODeliveryManager.java,16,4,2,0,1,0,0,2,4,2,3,1,false
4.0.0,hasMoreElements,bookkeeper-server/src/main/java/org/apache/bookkeeper/client/PendingReadOp.java,3,1,0,0,0,1,0,0,4,2,3,0,false
4.0.0,setConsumeSeqIdForSubscriber,hedwig-server/src/main/java/org/apache/hedwig/server/subscriptions/AbstractSubscriptionManager.java,3,1,0,0,0,0,0,1,4,2,3,0,false
4.0.0,errorOutOutstandingEntries,bookkeeper-server/src/main/java/org/apache/bookkeeper/proto/PerChannelBookieClient.java,8,3,0,0,0,0,1,2,4,3,8,0,false
4.0.0,waitForServerUp,bookkeeper-server/src/main/java/org/apache/bookkeeper/util/LocalBookKeeper.java,41,8,9,2,3,2,1,0,4,3,5,4,false
4.0.0,operationFailed,hedwig-client/src/main/java/org/apache/hedwig/client/netty/HedwigSubscriber.java,3,1,0,0,0,0,0,0,4,1,3,0,false
4.0.0,handleRequest,hedwig-server/src/main/java/org/apache/hedwig/server/proxy/ProxyStartDeliveryHandler.java,39,4,4,0,1,2,0,1,4,1,3,1,false
4.0.0,call,hedwig-client/src/main/java/org/apache/hedwig/client/benchmark/BenchmarkPublisher.java,35,7,13,14,0,1,1,8,4,1,2,0,false
4.0.0,tearDown,hedwig-server/src/main/java/org/apache/hedwig/server/benchmark/AbstractBenchmark.java,1,1,0,0,0,0,1,0,4,1,2,0,false
4.0.0,getCode,bookkeeper-server/src/main/java/org/apache/bookkeeper/bookie/BookieException.java,3,1,0,0,0,1,0,0,4,2,2,0,false
4.0.0,consume,hedwig-client/src/main/java/org/apache/hedwig/client/benchmark/BenchmarkPublisher.java,3,1,0,0,0,0,0,0,4,1,2,0,false
4.0.0,parseAddr,bookkeeper-server/src/main/java/org/apache/bookkeeper/util/StringUtils.java,15,3,3,2,1,1,2,0,4,2,2,0,false
4.0.0,operationComplete,bookkeeper-server/src/main/java/org/apache/bookkeeper/proto/BookkeeperInternalCallbacks.java,1,1,0,0,0,0,0,0,4,2,2,0,false
4.0.0,process,hedwig-server/src/main/java/org/apache/hedwig/server/netty/PubSubServer.java,5,2,0,0,0,0,0,0,4,2,5,1,false
4.0.0,getFailureException,hedwig-client/src/main/java/org/apache/hedwig/client/handlers/PubSubCallback.java,3,1,0,0,0,1,3,0,4,1,2,0,false
4.0.0,getLastSeqIdCommunicatedExternally,hedwig-server/src/main/java/org/apache/hedwig/server/delivery/FIFODeliveryManager.java,3,1,0,0,0,1,1,0,4,2,3,0,false
4.0.0,warmup,hedwig-client/src/main/java/org/apache/hedwig/client/benchmark/BenchmarkSubscriber.java,3,1,0,1,0,0,1,1,4,1,3,0,false
4.0.0,getConsumedMessagesBufferSize,hedwig-client/src/main/java/org/apache/hedwig/client/conf/ClientConfiguration.java,3,1,0,0,0,1,2,0,4,1,2,0,false
4.0.0,setCode,bookkeeper-server/src/main/java/org/apache/bookkeeper/bookie/BookieException.java,3,1,1,0,0,0,0,0,4,2,2,0,false
4.0.0,readEntry,bookkeeper-server/src/main/java/org/apache/bookkeeper/proto/PerChannelBookieClient.java,24,1,4,2,0,0,1,4,4,3,8,5,false
4.0.0,instantiatePersistenceManager,hedwig-server/src/main/java/org/apache/hedwig/server/netty/PubSubServer.java,21,4,5,0,1,1,1,10,4,2,5,0,false
4.0.0,errorMsgAndExit,hedwig-server/src/main/java/org/apache/hedwig/server/netty/PubSubServer.java,5,1,0,0,0,0,2,0,4,2,5,0,false
4.0.0,operationComplete,hedwig-client/src/main/java/org/apache/hedwig/client/netty/ConnectCallback.java,30,10,2,4,0,2,0,11,4,1,3,3,false
4.0.0,subUnsub,hedwig-client/src/main/java/org/apache/hedwig/client/netty/HedwigSubscriber.java,29,10,3,2,1,0,2,7,4,1,3,0,false
4.0.0,sendWriteRequest,bookkeeper-server/src/main/java/org/apache/bookkeeper/client/PendingAddOp.java,4,2,1,0,0,0,2,2,4,2,3,2,false
4.0.0,serveSubscribeRequest,hedwig-server/src/main/java/org/apache/hedwig/server/subscriptions/AbstractSubscriptionManager.java,3,1,0,0,0,0,0,1,4,2,3,0,false
4.0.0,clear,bookkeeper-server/src/main/java/org/apache/bookkeeper/proto/NIOServerFactory.java,14,3,2,0,1,0,2,1,4,3,7,3,false
4.0.0,getValueAndReset,bookkeeper-server/src/main/java/org/apache/bookkeeper/client/MacDigestManager.java,3,1,0,0,0,1,0,0,4,2,3,0,false
4.0.0,size,bookkeeper-server/src/main/java/org/apache/bookkeeper/bookie/FileInfo.java,7,2,2,1,0,1,2,0,4,2,4,0,false
4.0.0,storeHost2ChannelMapping,hedwig-client/src/main/java/org/apache/hedwig/client/netty/HedwigPublisher.java,12,4,2,2,0,0,1,4,4,2,4,0,false
4.0.0,readLength,bookkeeper-server/src/main/java/org/apache/bookkeeper/proto/NIOServerFactory.java,7,3,2,1,0,0,1,0,4,3,7,0,false
4.0.0,getValueAndReset,bookkeeper-server/src/main/java/org/apache/bookkeeper/client/CRC32DigestManager.java,1,1,0,0,0,0,2,0,4,1,1,0,false
4.0.0,initiate,bookkeeper-server/src/main/java/org/apache/bookkeeper/client/PendingAddOp.java,7,2,3,0,0,0,1,2,4,2,3,1,false
4.0.0,isValidSubscriberId,hedwig-client/src/main/java/org/apache/hedwig/client/netty/HedwigSubscriber.java,4,5,0,0,0,2,8,1,4,1,3,0,false
4.0.0,instantiateZookeeperClient,hedwig-server/src/main/java/org/apache/hedwig/server/netty/PubSubServer.java,17,3,2,7,0,0,1,3,4,2,5,2,false
4.0.0,writeSameEntry,bookkeeper-benchmark/src/main/java/org/apache/bookkeeper/benchmark/MySqlClient.java,11,2,3,4,0,0,1,0,4,2,3,0,false
4.0.0,read,bookkeeper-server/src/main/java/org/apache/bookkeeper/bookie/BufferedChannel.java,57,16,15,11,0,1,2,0,4,2,3,5,false
4.0.0,readComplete,bookkeeper-server/src/main/java/org/apache/bookkeeper/tools/BookKeeperTools.java,22,2,3,1,0,1,0,6,4,2,5,5,false
4.0.0,run,hedwig-client/src/main/java/org/apache/hedwig/client/handlers/MessageConsumeCallback.java,4,1,1,0,0,0,0,6,4,1,3,3,false
4.0.0,genDigest,bookkeeper-server/src/main/java/org/apache/bookkeeper/client/MacDigestManager.java,6,1,1,0,0,1,2,0,4,2,3,3,false
4.0.0,flushLedger,bookkeeper-server/src/main/java/org/apache/bookkeeper/bookie/LedgerCache.java,97,24,17,6,2,1,2,10,4,2,6,9,false
4.0.0,doGcLedgers,bookkeeper-server/src/main/java/org/apache/bookkeeper/bookie/EntryLogger.java,13,1,0,0,0,0,1,2,4,2,8,1,false
4.0.0,decRef,bookkeeper-server/src/main/java/org/apache/bookkeeper/bookie/LedgerDescriptor.java,3,1,0,0,0,0,1,0,4,2,4,0,false
4.0.0,getChannelForHost,hedwig-client/src/main/java/org/apache/hedwig/client/netty/HedwigPublisher.java,3,1,0,0,0,1,0,0,4,2,4,0,false
4.0.0,shutdown,hedwig-server/src/main/java/org/apache/hedwig/server/proxy/HedwigProxy.java,5,1,0,0,0,0,0,1,4,1,3,1,false
4.0.0,onFirstLocalSubscribe,hedwig-server/src/main/java/org/apache/hedwig/server/regions/RegionManager.java,50,1,0,0,0,0,0,0,4,1,3,2,false
4.0.0,close,bookkeeper-server/src/main/java/org/apache/bookkeeper/streaming/LedgerInputStream.java,2,1,0,0,0,0,0,0,4,1,2,0,false
4.0.0,shutdown,bookkeeper-server/src/main/java/org/apache/bookkeeper/tools/BookKeeperTools.java,4,1,0,0,0,0,1,1,4,2,5,0,false
4.0.0,getPacketsReceived,bookkeeper-server/src/main/java/org/apache/bookkeeper/proto/NIOServerFactory.java,3,1,0,0,0,1,1,0,4,3,7,0,false
4.0.0,reportLatency,hedwig-client/src/main/java/org/apache/hedwig/client/benchmark/BenchmarkUtils.java,11,2,2,1,0,0,1,0,4,1,2,0,false
4.0.0,getActiveLedgers,bookkeeper-server/src/main/java/org/apache/bookkeeper/client/BookKeeperAdmin.java,25,1,0,0,0,0,2,4,40,2,5,2,false
4.0.0,addComplete,bookkeeper-server/src/main/java/org/apache/bookkeeper/client/LedgerRecoveryOp.java,8,2,0,1,0,1,0,3,4,2,5,0,false
4.0.0,updatePage,bookkeeper-server/src/main/java/org/apache/bookkeeper/bookie/LedgerCache.java,21,4,3,1,1,0,2,8,4,2,6,2,false
4.0.0,setLh,bookkeeper-server/src/main/java/org/apache/bookkeeper/client/SyncCounter.java,3,1,1,0,0,0,2,0,4,1,1,0,false
4.0.0,isFenced,bookkeeper-server/src/main/java/org/apache/bookkeeper/bookie/LedgerDescriptor.java,3,1,0,0,0,1,1,0,4,2,4,0,false
4.0.0,isRunning,bookkeeper-server/src/main/java/org/apache/bookkeeper/proto/NIOServerFactory.java,3,1,0,0,0,1,2,0,4,3,7,1,false
4.0.0,subscribe,hedwig-client/src/main/java/org/apache/hedwig/client/netty/HedwigSubscriber.java,3,1,0,0,0,0,0,1,4,1,3,0,false
4.0.0,instantiateRegionManager,hedwig-server/src/main/java/org/apache/hedwig/server/netty/PubSubServer.java,3,1,0,0,0,1,1,1,4,2,5,0,false
4.0.0,processResult,bookkeeper-server/src/main/java/org/apache/bookkeeper/meta/AbstractZkLedgerManager.java,11,3,0,1,0,1,0,18,8,1,1,2,false
4.0.0,cmpMasterKey,bookkeeper-server/src/main/java/org/apache/bookkeeper/bookie/LedgerDescriptor.java,3,1,0,0,0,1,2,0,4,2,4,0,false
4.0.0,getAvailableBookies,bookkeeper-server/src/main/java/org/apache/bookkeeper/tools/BookKeeperTools.java,29,2,1,0,0,0,1,1,4,2,5,2,false
4.0.0,main,bookkeeper-server/src/main/java/org/apache/bookkeeper/util/LocalBookKeeper.java,13,3,1,0,0,0,0,9,4,3,5,0,false
4.0.0,releaseTopic,hedwig-server/src/main/java/org/apache/hedwig/server/topics/AbstractTopicManager.java,3,1,0,0,0,0,1,1,4,2,3,0,false
4.0.0,shutdown,hedwig-server/src/main/java/org/apache/hedwig/server/netty/PubSubServer.java,26,8,0,0,1,0,0,5,4,2,5,0,false
4.0.0,doIO,bookkeeper-server/src/main/java/org/apache/bookkeeper/proto/NIOServerFactory.java,81,20,8,2,2,1,1,6,4,3,7,8,false
4.0.0,run,hedwig-server/src/main/java/org/apache/hedwig/server/benchmark/AbstractBenchmark.java,10,1,2,0,0,0,1,2,4,1,2,0,false
4.0.0,getLastLocalSeqIdDelivered,hedwig-server/src/main/java/org/apache/hedwig/server/delivery/FIFODeliveryManager.java,3,1,0,0,0,1,0,0,4,2,3,0,false
4.0.0,usePage,bookkeeper-server/src/main/java/org/apache/bookkeeper/bookie/LedgerEntryPage.java,3,1,0,0,0,0,3,0,4,2,2,0,false
4.0.0,asyncSubscribe,hedwig-server/src/main/java/org/apache/hedwig/server/regions/HedwigHubSubscriber.java,3,1,0,0,0,0,0,1,4,1,2,0,false
4.0.0,initiate,bookkeeper-server/src/main/java/org/apache/bookkeeper/client/ReadLastConfirmedOp.java,5,2,1,0,0,0,2,2,131,2,5,3,false
4.0.0,getSequence,bookkeeper-server/src/main/java/org/apache/bookkeeper/client/SyncCounter.java,3,1,0,0,0,1,1,0,4,1,1,0,false
4.0.0,run,hedwig-server/src/main/java/org/apache/hedwig/server/topics/AbstractTopicManager.java,11,1,0,0,0,0,0,26,4,2,3,0,false
4.0.0,getNextEnsembleChange,bookkeeper-server/src/main/java/org/apache/bookkeeper/client/LedgerMetadata.java,9,2,1,1,0,2,1,0,4,3,6,1,false
4.0.0,operationFailed,hedwig-client/src/main/java/org/apache/hedwig/util/CallbackUtils.java,3,1,0,0,0,0,0,1,4,2,3,0,false
4.0.0,initializeHandlers,hedwig-server/src/main/java/org/apache/hedwig/server/proxy/HedwigProxy.java,10,1,2,0,0,0,1,3,4,1,3,0,false
4.0.0,finish,hedwig-client/src/main/java/org/apache/hedwig/client/benchmark/BenchmarkUtils.java,5,1,0,1,0,0,2,2,4,1,2,2,false
4.0.0,getOutstandingRequests,bookkeeper-server/src/main/java/org/apache/bookkeeper/proto/NIOServerFactory.java,3,1,0,0,0,1,1,0,4,3,7,0,false
4.0.0,startServingSubscription,hedwig-server/src/main/java/org/apache/hedwig/server/delivery/FIFODeliveryManager.java,4,1,1,1,0,0,0,2,4,2,3,0,false
4.0.0,operationComplete,bookkeeper-server/src/main/java/org/apache/bookkeeper/proto/PerChannelBookieClient.java,10,3,0,1,0,0,0,3,4,3,8,0,false
4.0.0,operationFailed,hedwig-client/src/main/java/org/apache/hedwig/client/handlers/MessageConsumeCallback.java,6,1,2,1,0,0,0,9,4,1,3,0,false
4.0.0,flush,bookkeeper-server/src/main/java/org/apache/bookkeeper/bookie/BufferedChannel.java,14,3,1,0,0,1,3,0,4,2,3,0,false
4.0.0,operationComplete,bookkeeper-server/src/main/java/org/apache/bookkeeper/client/LedgerOpenOp.java,8,2,0,0,0,0,0,12,4,2,8,0,false
4.0.0,curry,hedwig-client/src/main/java/org/apache/hedwig/util/CallbackUtils.java,11,1,0,0,0,1,0,1,4,2,3,0,false
4.0.0,readSubscriptions,hedwig-server/src/main/java/org/apache/hedwig/server/subscriptions/AbstractSubscriptionManager.java,1,1,0,0,0,0,1,0,4,2,3,0,false
4.0.0,setEntryId,bookkeeper-server/src/main/java/org/apache/bookkeeper/client/PendingAddOp.java,3,1,1,0,0,0,1,0,4,2,3,0,false
4.0.0,multiSub,hedwig-client/src/main/java/org/apache/hedwig/client/benchmark/BenchmarkSubscriber.java,13,4,4,3,0,0,1,5,4,1,3,1,false
4.0.0,process,bookkeeper-server/src/main/java/org/apache/bookkeeper/client/BookKeeperAdmin.java,8,2,0,0,0,1,0,18,40,2,5,2,false
4.0.0,pickDirs,bookkeeper-server/src/main/java/org/apache/bookkeeper/bookie/LedgerCache.java,3,1,0,0,0,1,1,0,4,2,6,0,false
4.0.0,setMasterKey,bookkeeper-server/src/main/java/org/apache/bookkeeper/bookie/LedgerDescriptor.java,3,1,1,0,0,0,2,0,4,2,4,0,false
4.0.0,readEntryComplete,bookkeeper-server/src/main/java/org/apache/bookkeeper/proto/BookkeeperInternalCallbacks.java,1,1,0,0,0,0,3,0,4,2,2,0,false
4.0.0,size,bookkeeper-server/src/main/java/org/apache/bookkeeper/bookie/BufferedChannel.java,3,1,0,0,0,1,1,0,4,2,3,0,false
4.0.0,close,bookkeeper-server/src/main/java/org/apache/bookkeeper/proto/PerChannelBookieClient.java,5,2,0,0,0,0,1,0,4,3,8,1,false
4.0.0,addDeliveryPtr,hedwig-server/src/main/java/org/apache/hedwig/server/delivery/FIFODeliveryManager.java,4,1,1,0,0,0,2,1,4,2,3,0,false
4.0.0,getEntriesPerPage,bookkeeper-server/src/main/java/org/apache/bookkeeper/bookie/LedgerCache.java,3,1,0,0,0,1,1,0,4,2,6,0,false
4.0.0,openNewChannel,bookkeeper-server/src/main/java/org/apache/bookkeeper/bookie/EntryLogger.java,3,1,0,0,0,0,1,1,4,2,8,0,false
4.0.0,equals,bookkeeper-server/src/main/java/org/apache/bookkeeper/bookie/LedgerEntryPage.java,4,3,1,0,0,1,0,2,4,2,2,2,false
4.0.0,initializeNettyHandlers,hedwig-server/src/main/java/org/apache/hedwig/server/netty/PubSubServer.java,9,1,2,0,0,1,1,1,4,2,5,0,false
4.0.0,main,bookkeeper-server/src/main/java/org/apache/bookkeeper/proto/BookieServer.java,23,4,9,2,0,1,1,12,4,3,10,0,false
4.0.0,getFile,bookkeeper-server/src/main/java/org/apache/bookkeeper/bookie/FileInfo.java,3,1,0,0,0,1,1,0,4,2,4,0,false
4.0.0,addComplete,hedwig-server/src/main/java/org/apache/hedwig/server/benchmark/BookkeeperBenchmark.java,3,2,0,0,0,0,0,1,4,2,3,0,false
4.0.0,checkParents,bookkeeper-server/src/main/java/org/apache/bookkeeper/bookie/LedgerCache.java,9,3,1,1,0,1,1,0,4,2,6,2,false
4.0.0,realGetOwner,hedwig-server/src/main/java/org/apache/hedwig/server/topics/AbstractTopicManager.java,1,1,0,0,0,0,1,0,4,2,3,0,false
4.0.0,initiate,bookkeeper-server/src/main/java/org/apache/bookkeeper/client/LedgerOpenOp.java,3,1,0,0,0,0,4,4,4,2,8,0,false
4.0.0,getActiveLedgers,bookkeeper-server/src/main/java/org/apache/bookkeeper/bookie/LedgerCache.java,22,10,1,2,0,0,3,1,4,2,6,4,false
4.0.0,getZnodeVersion,bookkeeper-server/src/main/java/org/apache/bookkeeper/client/LedgerMetadata.java,3,1,0,0,0,1,1,0,4,3,6,0,false
4.0.0,getEnsemble,bookkeeper-server/src/main/java/org/apache/bookkeeper/client/LedgerMetadata.java,3,1,0,1,0,1,2,0,4,3,6,1,false
4.0.0,processResult,bookkeeper-server/src/main/java/org/apache/bookkeeper/client/LedgerOpenOp.java,67,9,2,5,2,6,0,14,4,2,8,6,false
4.0.0,getFromTable,bookkeeper-server/src/main/java/org/apache/bookkeeper/bookie/LedgerCache.java,7,2,1,0,0,2,1,0,4,2,6,0,false
4.0.0,parseConfig,bookkeeper-server/src/main/java/org/apache/bookkeeper/client/LedgerMetadata.java,45,10,15,4,1,1,2,2,4,3,6,1,false
4.0.0,parseArgs,bookkeeper-server/src/main/java/org/apache/bookkeeper/proto/BookieServer.java,33,7,6,1,1,2,1,7,4,3,10,4,false
4.0.0,initiate,bookkeeper-server/src/main/java/org/apache/bookkeeper/client/LedgerDeleteOp.java,3,1,0,0,0,0,2,4,4,2,3,1,false
4.0.0,process,bookkeeper-server/src/main/java/org/apache/bookkeeper/client/BookieWatcher.java,21,4,3,1,1,1,1,1,4,1,3,1,false
4.0.0,logErrorAndReattemptRead,bookkeeper-server/src/main/java/org/apache/bookkeeper/client/PendingReadOp.java,7,1,2,2,0,1,1,3,4,2,3,3,false
4.0.0,handleReadResponse,bookkeeper-server/src/main/java/org/apache/bookkeeper/proto/PerChannelBookieClient.java,28,8,7,3,0,1,1,2,4,3,8,0,false
4.0.0,handleSubscribeResponse,hedwig-client/src/main/java/org/apache/hedwig/client/handlers/SubscribeResponseHandler.java,31,7,5,4,0,0,1,11,4,3,5,3,false
4.0.0,notifyListenersAndAddToOwnedTopics,hedwig-server/src/main/java/org/apache/hedwig/server/topics/AbstractTopicManager.java,42,2,2,0,0,0,1,0,4,2,3,0,false
4.0.0,hashCode,bookkeeper-server/src/main/java/org/apache/bookkeeper/proto/PerChannelBookieClient.java,3,1,0,1,0,1,0,0,4,3,8,0,false
4.0.0,stop,hedwig-server/src/main/java/org/apache/hedwig/server/subscriptions/AbstractSubscriptionManager.java,3,1,0,0,0,0,1,0,4,2,3,0,false
4.0.0,loadConfFile,bookkeeper-server/src/main/java/org/apache/bookkeeper/proto/BookieServer.java,14,3,0,3,1,0,1,0,4,3,10,1,false
4.0.0,permanentErrorOnSend,hedwig-server/src/main/java/org/apache/hedwig/server/delivery/FIFODeliveryManager.java,3,1,0,0,0,0,0,1,4,2,3,0,false
4.0.0,position,bookkeeper-server/src/main/java/org/apache/bookkeeper/bookie/BufferedChannel.java,3,1,0,0,0,1,2,0,4,2,3,0,false
4.0.0,consume,hedwig-client/src/main/java/org/apache/hedwig/client/netty/HedwigSubscriber.java,9,3,2,2,0,0,0,2,4,1,3,0,false
4.0.0,getrc,bookkeeper-server/src/main/java/org/apache/bookkeeper/client/SyncCounter.java,3,1,0,0,0,1,7,0,4,1,1,0,false
4.0.0,operationFailed,hedwig-client/src/main/java/org/apache/hedwig/client/benchmark/BenchmarkUtils.java,3,1,0,0,0,0,0,1,4,1,2,0,false
4.0.0,closeSubscription,hedwig-client/src/main/java/org/apache/hedwig/client/netty/HedwigSubscriber.java,16,4,2,1,1,0,4,7,4,1,3,0,false
4.0.0,operationFinished,hedwig-client/src/main/java/org/apache/hedwig/client/handlers/SubscribeReconnectCallback.java,12,4,0,2,1,0,0,3,4,1,3,0,false
4.0.0,main,hedwig-server/src/main/java/org/apache/hedwig/server/proxy/HedwigProxy.java,25,5,4,3,2,0,0,1,4,1,3,0,false
4.0.0,getEntryOffset,bookkeeper-server/src/main/java/org/apache/bookkeeper/bookie/LedgerCache.java,20,3,4,3,1,1,1,6,4,2,6,0,false
4.0.0,logger,hedwig-client/src/main/java/org/apache/hedwig/util/CallbackUtils.java,3,1,0,0,0,1,0,2,4,2,3,0,false
4.0.0,main,hedwig-server/src/main/java/org/apache/hedwig/server/benchmark/BookieBenchmark.java,4,1,1,0,0,0,0,2,4,2,4,0,false
4.0.0,getZKStringId,bookkeeper-server/src/main/java/org/apache/bookkeeper/util/StringUtils.java,3,1,0,0,0,1,3,0,4,2,2,0,false
4.0.0,removeChannelForTopic,hedwig-client/src/main/java/org/apache/hedwig/client/netty/HedwigSubscriber.java,3,1,0,0,0,0,0,0,4,1,3,0,false
4.0.0,retrySubscribeRequest,hedwig-client/src/main/java/org/apache/hedwig/client/handlers/SubscribeReconnectCallback.java,4,2,0,0,0,1,3,8,4,1,3,0,false
4.0.0,setMessageHandler,hedwig-client/src/main/java/org/apache/hedwig/client/handlers/SubscribeResponseHandler.java,13,7,1,2,0,0,0,2,4,3,5,2,false
4.0.0,shutdown,bookkeeper-server/src/main/java/org/apache/bookkeeper/bookie/EntryLogger.java,11,2,1,0,1,0,1,1,4,2,8,0,false
4.0.0,getMessageHandler,hedwig-client/src/main/java/org/apache/hedwig/client/handlers/SubscribeResponseHandler.java,3,1,0,0,0,1,1,0,4,3,5,0,false
4.0.0,flush,bookkeeper-server/src/main/java/org/apache/bookkeeper/streaming/LedgerOutputStream.java,17,4,1,2,1,0,2,1,4,1,2,1,false
4.0.0,shutdown,bookkeeper-server/src/main/java/org/apache/bookkeeper/util/OrderedSafeExecutor.java,5,2,1,0,0,0,2,0,4,1,1,0,false
4.0.0,getMaximumServerRedirects,hedwig-client/src/main/java/org/apache/hedwig/client/conf/ClientConfiguration.java,3,1,0,0,0,1,2,0,4,1,2,0,false
4.0.0,checkPage,bookkeeper-server/src/main/java/org/apache/bookkeeper/bookie/LedgerEntryPage.java,5,2,0,0,0,0,5,0,4,2,2,0,false
4.0.0,asyncPublish,hedwig-client/src/main/java/org/apache/hedwig/client/netty/HedwigPublisher.java,21,5,3,1,0,1,1,7,4,2,4,2,false
4.0.0,readLastConfirmedComplete,bookkeeper-server/src/main/java/org/apache/bookkeeper/client/LedgerOpenOp.java,9,2,2,0,0,0,0,0,4,2,8,0,false
4.0.0,isConnected,hedwig-server/src/main/java/org/apache/hedwig/server/delivery/FIFODeliveryManager.java,3,1,0,0,0,1,2,0,4,2,3,0,false
4.0.0,getLedgerPasswd,bookkeeper-server/src/main/java/org/apache/bookkeeper/tools/BookKeeperTools.java,3,1,0,0,0,1,1,0,4,2,5,0,false
4.0.0,getChannelForLogId,bookkeeper-server/src/main/java/org/apache/bookkeeper/bookie/EntryLogger.java,19,3,5,0,0,3,2,2,4,2,8,1,false
4.0.0,writeBuffers,bookkeeper-server/src/main/java/org/apache/bookkeeper/bookie/LedgerCache.java,26,8,6,12,0,1,1,4,4,2,6,4,false
4.0.0,readBookies,bookkeeper-server/src/main/java/org/apache/bookkeeper/client/BookieWatcher.java,20,2,2,0,0,0,1,1,4,1,3,4,false
4.0.0,run,hedwig-server/src/main/java/org/apache/hedwig/server/netty/PubSubServer.java,25,3,10,0,1,1,0,26,4,2,5,0,false
4.0.0,getMaximumMessageSize,hedwig-client/src/main/java/org/apache/hedwig/client/conf/ClientConfiguration.java,3,1,0,1,0,1,0,0,4,1,2,0,false
4.0.0,uncaughtException,hedwig-server/src/main/java/org/apache/hedwig/server/netty/PubSubServer.java,3,1,0,0,0,0,0,0,4,2,5,0,false
4.0.0,run,hedwig-client/src/main/java/org/apache/hedwig/client/benchmark/BenchmarkUtils.java,13,4,4,1,1,0,0,26,4,1,2,2,false
4.0.0,toString,bookkeeper-server/src/main/java/org/apache/bookkeeper/proto/NIOServerFactory.java,3,1,0,1,0,1,0,0,4,3,7,0,false
4.0.0,addEntry,bookkeeper-server/src/main/java/org/apache/bookkeeper/bookie/LedgerDescriptor.java,11,2,3,1,0,1,4,2,4,2,4,0,false
4.0.0,submit,bookkeeper-server/src/main/java/org/apache/bookkeeper/util/OrderedSafeExecutor.java,3,1,0,0,0,0,0,1,4,1,1,1,false
4.0.0,openComplete,bookkeeper-server/src/main/java/org/apache/bookkeeper/tools/BookKeeperTools.java,7,1,1,1,0,0,0,0,4,2,5,3,false
4.0.0,setOffset,bookkeeper-server/src/main/java/org/apache/bookkeeper/bookie/LedgerEntryPage.java,6,1,1,0,0,0,1,1,4,2,2,0,false
4.0.0,close,bookkeeper-server/src/main/java/org/apache/bookkeeper/client/LedgerMetadata.java,3,1,1,0,0,0,1,0,4,3,6,0,false
4.0.0,getMsg,hedwig-client/src/main/java/org/apache/hedwig/client/benchmark/BenchmarkPublisher.java,9,2,4,0,0,1,2,0,4,1,2,0,false
4.0.0,sendingFinished,hedwig-server/src/main/java/org/apache/hedwig/server/delivery/FIFODeliveryManager.java,12,3,3,1,0,1,1,2,4,2,3,0,false
4.0.0,deleteLedger,bookkeeper-server/src/main/java/org/apache/bookkeeper/bookie/LedgerCache.java,22,2,1,1,0,0,2,4,4,2,6,3,false
4.0.0,run,bookkeeper-server/src/main/java/org/apache/bookkeeper/proto/BookieServer.java,19,6,1,0,2,0,0,3,4,3,10,0,false
4.0.0,recoverBookieData,bookkeeper-server/src/main/java/org/apache/bookkeeper/tools/BookKeeperTools.java,19,2,1,0,0,0,1,4,4,2,5,0,false
4.0.0,sendResponse,bookkeeper-server/src/main/java/org/apache/bookkeeper/proto/NIOServerFactory.java,13,3,0,0,0,1,2,2,4,3,7,1,false
4.0.0,main,hedwig-server/src/main/java/org/apache/hedwig/server/netty/PubSubServer.java,25,5,4,3,2,0,0,5,4,2,5,0,false
4.0.0,writeSameEntryBatch,bookkeeper-benchmark/src/main/java/org/apache/bookkeeper/benchmark/MySqlClient.java,14,2,4,6,0,0,1,0,4,2,3,0,false
4.0.0,operationFinished,hedwig-client/src/main/java/org/apache/hedwig/client/benchmark/BenchmarkUtils.java,3,1,0,0,0,0,0,1,4,1,2,0,false
4.0.0,readRequest,bookkeeper-server/src/main/java/org/apache/bookkeeper/proto/NIOServerFactory.java,4,1,1,0,0,0,1,1,4,3,7,0,false
4.0.0,lostTopic,hedwig-server/src/main/java/org/apache/hedwig/server/subscriptions/AbstractSubscriptionManager.java,5,3,1,0,0,0,0,1,4,2,3,1,false
4.0.0,updateZnodeStatus,bookkeeper-server/src/main/java/org/apache/bookkeeper/client/LedgerMetadata.java,3,1,1,0,0,0,4,0,4,3,6,0,false
4.0.0,addCnxn,bookkeeper-server/src/main/java/org/apache/bookkeeper/proto/NIOServerFactory.java,5,1,0,0,0,0,1,0,4,3,7,0,false
4.0.0,validate,hedwig-client/src/main/java/org/apache/hedwig/client/conf/ClientConfiguration.java,5,3,0,0,0,0,0,2,4,1,2,1,false
4.0.0,tearDown,hedwig-server/src/main/java/org/apache/hedwig/server/benchmark/BookkeeperBenchmark.java,3,1,0,0,0,0,0,1,4,2,3,0,false
4.0.0,transientErrorOnSend,hedwig-server/src/main/java/org/apache/hedwig/server/delivery/FIFODeliveryManager.java,3,1,0,0,0,0,0,1,4,2,3,0,false
4.0.0,getNewBookies,bookkeeper-server/src/main/java/org/apache/bookkeeper/client/BookieWatcher.java,3,1,0,0,0,1,1,1,4,1,3,0,false
4.0.0,doOps,hedwig-server/src/main/java/org/apache/hedwig/server/benchmark/BookieBenchmark.java,26,2,10,0,0,0,0,1,4,2,4,3,false
4.0.0,acquiredTopic,hedwig-server/src/main/java/org/apache/hedwig/server/subscriptions/AbstractSubscriptionManager.java,3,1,0,0,0,0,0,1,4,2,3,0,false
4.0.0,stopServingSubscriber,hedwig-server/src/main/java/org/apache/hedwig/server/delivery/FIFODeliveryManager.java,3,1,0,0,0,0,3,2,4,2,3,0,false
4.0.0,size,bookkeeper-server/src/main/java/org/apache/bookkeeper/client/PendingReadOp.java,3,1,0,0,0,1,0,0,4,2,3,0,false
4.0.0,safeRun,bookkeeper-server/src/main/java/org/apache/bookkeeper/client/BookieWatcher.java,3,1,0,0,0,0,0,18,4,1,3,0,false
4.0.0,handleSubscribeMessage,hedwig-client/src/main/java/org/apache/hedwig/client/handlers/SubscribeResponseHandler.java,14,5,2,2,0,0,1,1,4,3,5,2,false
4.0.0,sendBuffers,bookkeeper-server/src/main/java/org/apache/bookkeeper/proto/NIOServerFactory.java,21,6,5,1,0,0,1,1,4,3,7,2,false
4.0.0,setLastScanErrorTime,hedwig-server/src/main/java/org/apache/hedwig/server/delivery/FIFODeliveryManager.java,3,1,1,0,0,0,1,0,4,2,3,0,false
4.0.0,writeComplete,bookkeeper-server/src/main/java/org/apache/bookkeeper/client/PendingAddOp.java,27,7,3,3,0,3,0,4,4,2,3,3,false
4.0.0,updateSubscriptionState,hedwig-server/src/main/java/org/apache/hedwig/server/subscriptions/AbstractSubscriptionManager.java,1,1,0,0,0,0,1,0,4,2,3,0,false
4.0.0,readEntryComplete,bookkeeper-server/src/main/java/org/apache/bookkeeper/client/PendingReadOp.java,26,6,4,3,1,2,0,4,4,2,3,1,false
4.0.0,doOps,hedwig-server/src/main/java/org/apache/hedwig/server/benchmark/AbstractBenchmark.java,1,1,0,0,0,0,1,0,4,1,2,0,false
4.0.0,getCode,bookkeeper-server/src/main/java/org/apache/bookkeeper/client/BKException.java,3,1,0,0,0,1,2,0,4,2,3,0,false
4.0.0,getLastScanErrorTime,hedwig-server/src/main/java/org/apache/hedwig/server/delivery/FIFODeliveryManager.java,3,1,0,0,0,1,1,0,4,2,3,0,false
4.0.0,getMessageConsumeRetryWaitTime,hedwig-client/src/main/java/org/apache/hedwig/client/conf/ClientConfiguration.java,3,1,0,0,0,1,1,0,4,1,2,0,false
4.0.0,operationFailed,hedwig-client/src/main/java/org/apache/hedwig/client/handlers/PubSubCallback.java,9,2,3,1,0,0,0,0,4,1,2,0,false
4.0.0,stop,hedwig-server/src/main/java/org/apache/hedwig/server/regions/RegionManager.java,5,2,0,0,0,0,0,1,4,1,3,0,false
4.0.0,isSSLEnabled,hedwig-client/src/main/java/org/apache/hedwig/client/conf/ClientConfiguration.java,3,1,0,0,0,1,6,0,4,1,2,0,false
4.0.0,getLedgerEntryPage,bookkeeper-server/src/main/java/org/apache/bookkeeper/bookie/LedgerCache.java,14,4,1,0,1,2,3,3,4,2,6,0,false
4.0.0,getSubscriptionList,hedwig-client/src/main/java/org/apache/hedwig/client/netty/HedwigSubscriber.java,3,1,0,0,0,1,0,0,4,1,3,0,false
4.0.0,run,hedwig-server/src/main/java/org/apache/hedwig/server/subscriptions/AbstractSubscriptionManager.java,22,3,1,0,0,2,0,5,4,2,3,1,false
4.0.0,getFirstEntry,bookkeeper-server/src/main/java/org/apache/bookkeeper/bookie/LedgerEntryPage.java,3,1,0,0,0,1,10,0,4,2,2,0,false
4.0.0,publish,hedwig-client/src/main/java/org/apache/hedwig/client/netty/HedwigPublisher.java,31,8,3,2,1,0,0,5,4,2,4,1,false
4.0.0,setNotConnected,hedwig-server/src/main/java/org/apache/hedwig/server/delivery/FIFODeliveryManager.java,4,1,1,0,0,0,1,0,4,2,3,0,false
4.0.0,recoverComplete,bookkeeper-server/src/main/java/org/apache/bookkeeper/tools/BookKeeperTools.java,8,1,2,1,0,0,0,0,4,2,5,0,false
4.0.0,putEntryOffset,bookkeeper-server/src/main/java/org/apache/bookkeeper/bookie/LedgerCache.java,17,3,4,3,0,1,1,6,4,2,6,0,false
4.0.0,addEntry,bookkeeper-server/src/main/java/org/apache/bookkeeper/proto/PerChannelBookieClient.java,25,1,6,3,0,0,1,4,4,3,8,4,false
4.0.0,initializeNetty,hedwig-server/src/main/java/org/apache/hedwig/server/proxy/HedwigProxy.java,13,1,4,0,0,0,1,0,4,1,3,0,false
4.0.0,writeComplete,bookkeeper-server/src/main/java/org/apache/bookkeeper/proto/BookieServer.java,13,2,2,1,0,0,0,3,4,3,10,4,false
4.0.0,getLh,bookkeeper-server/src/main/java/org/apache/bookkeeper/client/SyncCounter.java,3,1,0,0,0,1,3,0,4,1,1,0,false
4.0.0,multiCallback,hedwig-client/src/main/java/org/apache/hedwig/util/CallbackUtils.java,32,2,0,0,0,2,2,0,4,2,3,0,false
4.0.0,setFenced,bookkeeper-server/src/main/java/org/apache/bookkeeper/bookie/LedgerDescriptor.java,3,1,1,0,0,0,1,0,4,2,4,0,false
4.0.0,calcTp,hedwig-client/src/main/java/org/apache/hedwig/client/benchmark/BenchmarkUtils.java,3,1,0,3,0,1,2,0,4,1,2,0,false
4.0.0,run,hedwig-client/src/main/java/org/apache/hedwig/client/handlers/SubscribeReconnectCallback.java,5,2,0,1,0,0,0,5,4,1,3,0,false
4.0.0,run,bookkeeper-server/src/main/java/org/apache/bookkeeper/proto/NIOServerFactory.java,33,9,6,1,1,0,0,4,4,3,7,9,false
4.0.0,getVersion,bookkeeper-server/src/main/java/org/apache/bookkeeper/bookie/LedgerEntryPage.java,3,1,0,0,0,1,1,0,4,2,2,0,false
4.0.0,postReleaseCleanup,hedwig-server/src/main/java/org/apache/hedwig/server/topics/AbstractTopicManager.java,1,1,0,0,0,0,1,0,4,2,3,0,false
4.0.0,getLastEntry,bookkeeper-server/src/main/java/org/apache/bookkeeper/bookie/LedgerEntryPage.java,8,3,1,3,0,2,1,1,4,2,2,0,false
4.0.0,sendRead,bookkeeper-server/src/main/java/org/apache/bookkeeper/client/PendingReadOp.java,9,2,1,0,0,1,2,4,4,2,3,1,false
4.0.0,doConsume,hedwig-client/src/main/java/org/apache/hedwig/client/netty/HedwigSubscriber.java,22,2,4,1,0,0,2,2,4,1,3,1,false
4.0.0,handleAddResponse,bookkeeper-server/src/main/java/org/apache/bookkeeper/proto/PerChannelBookieClient.java,27,6,5,3,0,1,1,2,4,3,8,0,false
4.0.0,getMacCodeLength,bookkeeper-server/src/main/java/org/apache/bookkeeper/client/MacDigestManager.java,3,1,0,0,0,1,0,0,4,2,3,0,false
4.0.0,total,bookkeeper-server/src/main/java/org/apache/bookkeeper/client/SyncCounter.java,3,1,0,0,0,1,0,0,4,1,1,0,false
4.0.0,getStartDeliveryHandler,hedwig-server/src/main/java/org/apache/hedwig/server/proxy/HedwigProxy.java,3,1,0,0,0,1,0,0,4,1,3,0,false
4.0.0,dec,bookkeeper-server/src/main/java/org/apache/bookkeeper/client/SyncCounter.java,4,1,0,0,0,0,6,0,4,1,1,0,false
4.0.0,getLedgersInSingleNode,bookkeeper-server/src/main/java/org/apache/bookkeeper/meta/AbstractZkLedgerManager.java,25,4,1,2,0,1,1,4,8,1,1,2,false
4.0.0,getTopic,hedwig-server/src/main/java/org/apache/hedwig/server/delivery/FIFODeliveryManager.java,3,1,0,0,0,1,3,0,4,2,3,0,false
4.0.0,hashCode,bookkeeper-server/src/main/java/org/apache/bookkeeper/bookie/LedgerEntryPage.java,3,1,0,0,0,1,0,2,4,2,2,0,false
4.0.0,getSubscribeReconnectRetryWaitTime,hedwig-client/src/main/java/org/apache/hedwig/client/conf/ClientConfiguration.java,3,1,0,0,0,1,0,0,4,1,2,0,false
4.0.0,run,hedwig-server/src/main/java/org/apache/hedwig/server/regions/RegionManager.java,6,2,1,0,0,0,0,0,4,1,3,1,false
4.0.0,createTempDirectory,hedwig-client/src/main/java/org/apache/hedwig/util/FileUtils.java,3,1,0,0,0,1,0,1,4,1,1,0,false
4.0.0,findFile,bookkeeper-server/src/main/java/org/apache/bookkeeper/bookie/EntryLogger.java,9,3,1,2,0,1,3,0,4,2,8,0,false
4.0.0,toString,hedwig-server/src/main/java/org/apache/hedwig/server/delivery/FIFODeliveryManager.java,8,1,1,0,0,1,0,0,4,2,3,0,false
4.0.0,getLedger,bookkeeper-server/src/main/java/org/apache/bookkeeper/bookie/LedgerEntryPage.java,3,1,0,0,0,1,8,0,4,2,2,0,false
4.0.0,getLedgerDigestType,bookkeeper-server/src/main/java/org/apache/bookkeeper/client/BookKeeperAdmin.java,3,1,0,0,0,1,2,0,40,2,5,0,false
4.0.0,openComplete,bookkeeper-server/src/main/java/org/apache/bookkeeper/client/BookKeeperAdmin.java,44,10,9,3,2,3,0,16,40,2,5,4,false
4.0.0,scanFinished,hedwig-server/src/main/java/org/apache/hedwig/server/delivery/FIFODeliveryManager.java,2,1,0,0,0,0,0,0,4,2,3,0,false
4.0.0,asyncMessageConsume,hedwig-client/src/main/java/org/apache/hedwig/client/handlers/SubscribeResponseHandler.java,10,5,1,2,0,0,3,6,4,3,5,3,false
4.0.0,usage,bookkeeper-server/src/main/java/org/apache/bookkeeper/util/Main.java,3,1,0,0,0,0,1,0,4,2,2,0,false
4.0.0,setCode,bookkeeper-server/src/main/java/org/apache/bookkeeper/client/BKException.java,3,1,1,0,0,0,0,0,4,2,3,0,false
4.0.0,operationFinished,hedwig-server/src/main/java/org/apache/hedwig/server/topics/AbstractTopicManager.java,3,1,0,0,0,0,0,18,4,2,3,0,false
4.0.0,read,bookkeeper-server/src/main/java/org/apache/bookkeeper/bookie/FileInfo.java,3,1,0,1,0,1,2,1,4,2,4,0,false
4.0.0,retryErroredSubscribers,hedwig-server/src/main/java/org/apache/hedwig/server/delivery/FIFODeliveryManager.java,11,3,2,1,0,1,1,2,4,2,3,0,false
4.0.0,doPublish,hedwig-client/src/main/java/org/apache/hedwig/client/netty/HedwigPublisher.java,21,4,6,1,0,0,3,6,4,2,4,2,false
4.0.0,recoverLedger,bookkeeper-server/src/main/java/org/apache/bookkeeper/tools/BookKeeperTools.java,90,4,4,3,1,3,1,5,4,2,5,5,false
4.0.0,getMaximumOutstandingMessages,hedwig-client/src/main/java/org/apache/hedwig/client/conf/ClientConfiguration.java,3,1,0,0,0,1,4,0,4,1,2,0,false
4.0.0,createSubscriptionState,hedwig-server/src/main/java/org/apache/hedwig/server/subscriptions/AbstractSubscriptionManager.java,1,1,0,0,0,0,1,0,4,2,3,0,false
4.0.0,read,bookkeeper-server/src/main/java/org/apache/bookkeeper/streaming/LedgerInputStream.java,14,3,4,1,0,2,0,1,4,1,2,0,false
4.0.0,newInstance,hedwig-server/src/main/java/org/apache/hedwig/server/delivery/FIFODeliveryManager.java,3,1,0,0,0,1,0,0,4,2,3,0,false
4.0.0,create,bookkeeper-server/src/main/java/org/apache/bookkeeper/bookie/BookieException.java,10,3,0,0,0,3,3,3,4,2,2,0,false
4.0.0,getOffset,bookkeeper-server/src/main/java/org/apache/bookkeeper/bookie/LedgerEntryPage.java,4,1,0,0,0,1,2,1,4,2,2,1,false
4.0.0,getServerAckResponseTimeout,hedwig-client/src/main/java/org/apache/hedwig/client/conf/ClientConfiguration.java,3,1,0,0,0,1,1,0,4,1,2,0,false
4.0.0,setSequence,bookkeeper-server/src/main/java/org/apache/bookkeeper/client/SyncCounter.java,3,1,1,0,0,0,1,0,4,1,1,0,false
4.0.0,getAvailableBookies,bookkeeper-server/src/main/java/org/apache/bookkeeper/client/BookKeeperAdmin.java,29,2,1,0,0,0,1,1,40,2,5,2,false
4.0.0,getFileInfo,bookkeeper-server/src/main/java/org/apache/bookkeeper/bookie/LedgerCache.java,38,9,8,1,0,1,6,8,4,2,6,4,false
4.0.0,getLedgerName,bookkeeper-server/src/main/java/org/apache/bookkeeper/bookie/LedgerCache.java,12,1,3,1,0,1,1,0,4,2,6,0,false
4.0.0,extractLedgersFromEntryLogs,bookkeeper-server/src/main/java/org/apache/bookkeeper/bookie/EntryLogger.java,51,10,12,8,2,0,1,3,4,2,8,3,false
4.0.0,incRef,bookkeeper-server/src/main/java/org/apache/bookkeeper/bookie/LedgerDescriptor.java,3,1,0,0,0,0,2,0,4,2,4,0,false
4.0.0,operationFailed,hedwig-server/src/main/java/org/apache/hedwig/server/regions/RegionManager.java,4,2,0,1,0,0,0,0,4,1,3,0,false
4.0.0,stop,hedwig-server/src/main/java/org/apache/hedwig/server/delivery/FIFODeliveryManager.java,3,1,0,0,0,0,0,2,4,2,3,0,false
4.0.0,warmup,hedwig-client/src/main/java/org/apache/hedwig/client/benchmark/BenchmarkPublisher.java,19,3,5,1,0,0,1,7,4,1,2,0,false
4.0.0,unsetSuccessAndSendWriteRequest,bookkeeper-server/src/main/java/org/apache/bookkeeper/client/PendingAddOp.java,20,6,2,2,0,2,1,2,4,2,3,1,false
4.0.0,hasSubscription,hedwig-client/src/main/java/org/apache/hedwig/client/netty/HedwigSubscriber.java,3,1,0,0,0,1,0,1,4,1,3,0,false
4.0.0,ding,hedwig-client/src/main/java/org/apache/hedwig/client/benchmark/BenchmarkUtils.java,9,5,1,1,0,0,2,0,4,1,2,0,false
4.0.0,operationFinished,hedwig-client/src/main/java/org/apache/hedwig/client/netty/HedwigSubscriber.java,3,1,0,0,0,0,0,18,4,1,3,0,false
4.0.0,getAdditionalBookie,bookkeeper-server/src/main/java/org/apache/bookkeeper/client/BookieWatcher.java,22,5,2,0,0,2,2,1,4,1,3,0,false
4.0.0,close,bookkeeper-server/src/main/java/org/apache/bookkeeper/bookie/FileInfo.java,6,2,1,0,0,0,2,0,4,2,4,0,false
4.0.0,run,bookkeeper-server/src/main/java/org/apache/bookkeeper/util/SafeRunnable.java,8,2,0,0,1,0,0,1,4,1,2,0,false
4.0.0,main,bookkeeper-server/src/main/java/org/apache/bookkeeper/util/Main.java,14,5,1,1,0,1,0,3,4,2,2,0,false
4.0.0,notifySubscribe,hedwig-server/src/main/java/org/apache/hedwig/server/subscriptions/AbstractSubscriptionManager.java,6,2,1,0,0,0,2,1,4,2,3,0,false
4.0.0,getDefaultServerHedwigSocketAddress,hedwig-client/src/main/java/org/apache/hedwig/client/conf/ClientConfiguration.java,4,2,1,0,0,1,2,0,4,1,2,0,false
4.0.0,operationFinished,hedwig-server/src/main/java/org/apache/hedwig/server/regions/RegionManager.java,30,5,0,3,1,0,0,0,4,1,3,1,false
4.0.0,asyncRecoverBookieData,bookkeeper-server/src/main/java/org/apache/bookkeeper/tools/BookKeeperTools.java,13,1,0,0,0,0,1,0,4,2,5,2,false
4.0.0,main,hedwig-client/src/main/java/org/apache/hedwig/client/benchmark/HedwigBenchmark.java,16,3,3,0,1,0,0,5,4,2,4,1,false
4.0.0,handleUnsubscribeResponse,hedwig-client/src/main/java/org/apache/hedwig/client/handlers/UnsubscribeResponseHandler.java,22,6,0,4,0,0,1,5,4,1,3,4,false
4.0.0,nextElement,bookkeeper-server/src/main/java/org/apache/bookkeeper/client/PendingReadOp.java,3,1,0,0,0,1,0,0,4,2,3,0,false
4.0.0,getOrigSubData,hedwig-client/src/main/java/org/apache/hedwig/client/handlers/SubscribeResponseHandler.java,3,1,0,0,0,1,1,0,4,3,5,0,false
4.0.0,runBookies,bookkeeper-server/src/main/java/org/apache/bookkeeper/util/LocalBookKeeper.java,12,2,5,3,0,0,1,2,4,3,5,1,false
4.0.0,getMacCodeLength,bookkeeper-server/src/main/java/org/apache/bookkeeper/client/CRC32DigestManager.java,1,1,0,0,0,0,1,0,4,1,1,0,false
4.0.0,shutdown,bookkeeper-server/src/main/java/org/apache/bookkeeper/proto/NIOServerFactory.java,14,3,0,0,1,0,1,1,4,3,7,1,false
4.0.0,subscribe,hedwig-server/src/main/java/org/apache/hedwig/server/regions/HedwigHubSubscriber.java,3,1,0,0,0,0,0,1,4,1,2,0,false
4.0.0,messageReceived,bookkeeper-server/src/main/java/org/apache/bookkeeper/proto/PerChannelBookieClient.java,35,3,5,1,1,2,0,3,4,3,8,1,false
4.0.0,tearDown,hedwig-server/src/main/java/org/apache/hedwig/server/benchmark/BookieBenchmark.java,5,1,0,0,0,0,0,1,4,2,4,0,false
4.0.0,releasePage,bookkeeper-server/src/main/java/org/apache/bookkeeper/bookie/LedgerEntryPage.java,6,2,0,0,0,0,4,0,4,2,2,0,false
4.0.0,getLedgerNodePath,bookkeeper-server/src/main/java/org/apache/bookkeeper/util/StringUtils.java,3,1,0,1,0,1,3,1,4,2,2,0,false
4.0.0,amIResponsibleForTopic,hedwig-client/src/main/java/org/apache/hedwig/client/benchmark/HedwigBenchmark.java,3,2,0,1,0,1,3,0,4,2,4,0,false
4.0.0,getPageToWrite,bookkeeper-server/src/main/java/org/apache/bookkeeper/bookie/LedgerEntryPage.java,5,1,0,0,0,1,1,1,4,2,2,0,false
4.0.0,makeWritable,bookkeeper-server/src/main/java/org/apache/bookkeeper/proto/NIOServerFactory.java,12,3,0,0,1,0,1,0,4,3,7,1,false
4.0.0,getPipeline,bookkeeper-server/src/main/java/org/apache/bookkeeper/proto/PerChannelBookieClient.java,6,1,1,0,0,1,0,0,4,3,8,1,false
4.0.0,tick,bookkeeper-server/src/main/java/org/apache/bookkeeper/client/BookKeeperAdmin.java,10,3,0,0,0,0,1,0,40,2,5,1,false
4.0.0,doRecoveryRead,bookkeeper-server/src/main/java/org/apache/bookkeeper/client/LedgerRecoveryOp.java,4,1,0,0,0,0,2,2,4,2,5,0,false
4.0.0,asyncSubUnsub,hedwig-client/src/main/java/org/apache/hedwig/client/netty/HedwigSubscriber.java,16,5,2,1,0,0,3,6,4,1,3,6,false
4.0.0,getLocalAddress,bookkeeper-server/src/main/java/org/apache/bookkeeper/proto/NIOServerFactory.java,3,1,0,0,0,1,1,0,4,3,7,1,false
4.0.0,getFlags,bookkeeper-server/src/main/java/org/apache/bookkeeper/proto/BookieProtocol.java,3,1,0,0,0,1,0,0,4,2,3,0,false
4.0.0,addEntry,bookkeeper-server/src/main/java/org/apache/bookkeeper/bookie/EntryLogger.java,13,2,3,2,0,1,1,3,4,2,8,2,false
4.0.0,signSafeMod,bookkeeper-server/src/main/java/org/apache/bookkeeper/util/MathUtils.java,7,2,2,1,0,1,2,0,4,1,1,0,false
4.0.0,safeRun,bookkeeper-server/src/main/java/org/apache/bookkeeper/proto/PerChannelBookieClient.java,7,2,1,1,0,0,0,20,4,3,8,0,false
4.0.0,getTimeoutThreadRunInterval,hedwig-client/src/main/java/org/apache/hedwig/client/conf/ClientConfiguration.java,3,1,0,0,0,1,1,0,4,1,2,0,false
4.0.0,run,hedwig-client/src/main/java/org/apache/hedwig/util/FileUtils.java,7,2,0,0,0,0,0,1,4,1,1,0,false
4.0.0,gc,bookkeeper-server/src/main/java/org/apache/bookkeeper/bookie/EntryLogger.java,8,2,0,0,1,0,0,1,4,2,8,1,false
4.0.0,close,bookkeeper-server/src/main/java/org/apache/bookkeeper/streaming/LedgerOutputStream.java,3,1,0,0,0,0,0,1,4,1,2,0,false
4.0.0,asyncRecoverBookieData,bookkeeper-server/src/main/java/org/apache/bookkeeper/client/BookKeeperAdmin.java,13,1,0,0,0,0,1,0,40,2,5,2,false
4.0.0,usage,bookkeeper-server/src/main/java/org/apache/bookkeeper/util/LocalBookKeeper.java,3,1,0,0,0,0,1,0,4,3,5,0,false
4.0.0,startDelivery,hedwig-client/src/main/java/org/apache/hedwig/client/netty/HedwigSubscriber.java,19,3,3,3,0,0,2,3,4,1,3,2,false
4.0.0,isNioServerRunning,bookkeeper-server/src/main/java/org/apache/bookkeeper/proto/BookieServer.java,3,1,0,0,0,1,1,1,4,3,10,0,false
4.0.0,isClean,bookkeeper-server/src/main/java/org/apache/bookkeeper/bookie/LedgerEntryPage.java,3,1,0,0,0,1,4,0,4,2,2,0,false
4.0.0,submitCallback,bookkeeper-server/src/main/java/org/apache/bookkeeper/client/PendingAddOp.java,4,1,0,0,0,0,2,1,4,2,3,1,false
4.0.0,isPinned,bookkeeper-server/src/main/java/org/apache/bookkeeper/bookie/LedgerEntryPage.java,3,1,0,0,0,1,0,0,4,2,2,0,false
4.0.0,doSubUnsub,hedwig-client/src/main/java/org/apache/hedwig/client/netty/HedwigSubscriber.java,30,5,7,1,0,0,4,6,4,1,3,3,false
4.0.0,handlePublishResponse,hedwig-client/src/main/java/org/apache/hedwig/client/handlers/PublishResponseHandler.java,18,5,0,3,0,0,1,4,4,1,3,1,false
4.0.0,operationFinished,hedwig-client/src/main/java/org/apache/hedwig/util/CallbackUtils.java,3,1,0,0,0,0,0,18,4,2,3,0,false
4.0.0,printUsage,bookkeeper-server/src/main/java/org/apache/bookkeeper/proto/BookieServer.java,4,1,1,1,0,0,1,0,4,3,10,0,false
4.0.0,runPhase,hedwig-server/src/main/java/org/apache/hedwig/server/benchmark/AbstractBenchmark.java,11,2,1,8,0,0,1,1,4,1,2,1,false
4.0.0,createLogId,bookkeeper-server/src/main/java/org/apache/bookkeeper/bookie/EntryLogger.java,15,3,3,2,0,0,4,5,4,2,8,1,false
4.0.0,readEntry,bookkeeper-server/src/main/java/org/apache/bookkeeper/bookie/LedgerDescriptor.java,40,9,12,7,1,1,1,10,4,2,4,8,false
