Classifier,feature selection,sampling,cost sensitive,feature selection id,precision,recall,auc,kappa
mlp,false,false,false,,0.0,0.0,0.0,0.0
mlp,false,false,true,,0.0,0.0,0.0,0.0
mlp,false,false,false,,0.7038888888888889,0.27095808383233533,0.8279541884991755,0.33758302978358695
mlp,false,false,false,,0.5657033805888768,0.6384615384615384,0.8751056981851987,0.5200038665963306
mlp,false,false,false,,0.8006042296072508,0.3014789533560865,0.7764540521260583,0.3810346825851055
mlp,false,false,false,,0.8176813471502591,0.30440024110910185,0.7405846689596993,0.38247360631184113
mlp,false,false,true,,0.47983014861995754,0.3866552609067579,0.6575403093899843,0.3426698254954773
mlp,false,false,false,,0.7997335701598579,0.3096629986244842,0.8034506779443633,0.363558549796242
mlp,false,false,true,,0.4493401447424436,0.6861693482853892,0.7580251620758833,0.42641184929547243
mlp,false,false,true,,0.43128594049504126,0.7961538461538461,0.8003622773354717,0.44688176399173624
mlp,false,false,true,,0.43449583642509687,0.6353224834237492,0.7253189600133906,0.3820629095969219
mlp,false,false,true,,0.35608353510895885,0.5032078699743371,0.6739125823725031,0.2969537878270246
mlp,false,false,true,,0.4193816245787134,0.7381361760660248,0.7135727056716069,0.33783020958572
mlp,false,false,true,,0.38718519787562106,0.4833190761334474,0.6763476771260284,0.319775705907724
mlp,false,false,true,,0.3520573277854831,0.7425646026328621,0.7330400444610354,0.3231268617776932
mlp,false,false,true,,0.2232295407789672,0.9849230769230769,0.6734713328369323,0.14525606760969445
mlp,false,false,false,,0.7385019710906702,0.3496927743641596,0.8138312667934946,0.3747265092138413
mlp,false,false,true,,0.4028486020749077,0.744677393141557,0.7606795922109442,0.3895297087314799
mlp,false,false,true,,0.24507750314201926,0.9873417721518988,0.6540279231528766,0.1415621943564888
mlp,false,false,true,,0.22496657518823446,0.9836923076923076,0.676421444527178,0.148728193552901
mlp,false,false,true,,0.31009272036216623,0.9962666251847243,0.6314297585351781,0.15104132019503178
mlp,false,false,true,,0.3078581437964859,0.9821182943603851,0.6550834257559193,0.17604834698638291
mlp,false,false,false,,0.6818071115440818,0.3853141559424678,0.7993174131427252,0.3839633204023804
mlp,false,false,true,,0.2512434755910347,0.9864978902953586,0.6649283118511446,0.15439703827957696
mlp,false,false,false,,0.7619897959183674,0.3454976577410213,0.8064298406080279,0.3720716941435203
mlp,false,false,true,,0.31353814897180354,0.9817744154057771,0.6638197352386654,0.1881532549156995
mlp,false,false,true,,0.30577405501934607,0.9898148785355447,0.6328786144340695,0.15115717082334262
mlp,false,false,false,,0.8646886208020867,0.25503678415156034,0.8211145073208124,0.30528755819412656
mlp,false,false,true,,0.38942829107059856,0.8721878433867329,0.6910781710509061,0.273414876430081
mlp,false,false,true,,0.30760172078156167,0.9954888387648752,0.6270261446828983,0.14532438828129252
mlp,false,false,true,,0.35275063907273174,0.9687454921382892,0.6387575628230713,0.18095752846439636
mlp,false,false,true,,0.3209848369592779,0.9845998288869876,0.6477159270023635,0.17463805464381923
mlp,false,false,true,,0.30538694190055204,0.9936687082788521,0.6327323585740159,0.15050563969653574
mlp,false,false,true,,0.30500574639254247,0.9862363223453307,0.6310893363389625,0.14922469858544907
mlp,false,false,true,,0.3675527861209486,0.9483546353594355,0.6817956547434664,0.24127389898291854
mlp,false,false,true,,0.32846168619166505,0.989127291654618,0.6322263333843015,0.16073146392512813
mlp,false,false,true,,0.3367328681338343,0.9954320334663653,0.6164800406673637,0.14580728243518284
mlp,false,false,true,,0.39472542008556727,0.9183055248353128,0.6853588207572225,0.26379755075446154
rf,false,false,false,,0.0,0.0,0.0,0.0
rf,false,false,true,,0.0,0.0,0.0,0.0
rf,false,false,false,,0.983358547655068,0.4170230966638152,0.6824619236861197,0.5462583627982572
rf,false,false,false,,0.8985270049099836,0.929076923076923,0.970899337789194,0.8971332138606064
rf,false,false,false,,0.9803208556149733,0.7448399154883797,0.8691026080727383,0.8204157377163812
rf,false,false,false,,0.9876141817618826,0.7690174804098855,0.912807474115983,0.8389741868414541
rf,false,false,true,,0.8055667607906414,0.4270744225834046,0.7047364517240716,0.508540918453405
rf,false,false,false,,0.9229032622192122,0.7028885832187071,0.8696220770018959,0.746959976281738
rf,false,false,true,,0.8130336295521868,0.7583292702746628,0.8615247324609323,0.7429883368128596
rf,false,false,true,,0.7209384164222874,0.9455384615384615,0.9387037058250759,0.7786906733189899
rf,false,false,true,,0.8353939393939394,0.8308619650391802,0.8971483147040862,0.7959734631249143
rf,false,false,true,,0.37464219565583434,0.47583404619332764,0.6701037014489863,0.30594454635634705
rf,false,false,true,,0.7168330347239996,0.7223177441540578,0.8177426043848017,0.6337983968803403
rf,false,false,true,,0.7084661707403471,0.42771599657827203,0.6988309752099657,0.4758462547064664
rf,false,false,true,,0.49947145877378435,0.7679180887372014,0.8061166033874736,0.5041594286678988
rf,false,false,true,,0.41789141668344404,0.958,0.8547947190560742,0.46501954691163067
rf,false,false,false,,0.9860248447204969,0.889009877887532,0.9596107754346853,0.9149587700092775
rf,false,false,true,,0.7025202520252025,0.7610921501706485,0.8479459567187825,0.6734959076149704
rf,false,false,true,,0.4775124175001701,0.8460518384569018,0.8196440295706787,0.49187151196284873
rf,false,false,true,,0.5988920206045291,0.948,0.9149044046050747,0.6707119972952323
rf,false,false,true,,0.8114697326499515,0.9112545694952167,0.9206014206819316,0.8079630851575156
rf,false,false,true,,0.5003399403796872,0.8224724896836314,0.7862591368178511,0.4677631356733475
rf,false,false,false,,0.9298000588062335,0.8704837932695616,0.9396282448976353,0.8680765825358899
rf,false,false,true,,0.7223984771573604,0.8235081374321881,0.8764138603098365,0.7140197155371261
rf,false,false,false,,0.9818668864619823,0.8267306691342317,0.9246797782714333,0.8651127627945155
rf,false,false,true,,0.6397226934139686,0.7457015130674003,0.8089494405721064,0.5842327564110334
rf,false,false,true,,0.6735250244328995,0.9011079760512009,0.8801881343670639,0.6822488467353202
rf,false,false,false,,0.9684659090909091,0.8195893638505554,0.9253766918046584,0.8490956885791437
rf,false,false,true,,0.7842846553002224,0.8566306170840322,0.8860994418421901,0.7500029602159219
rf,false,false,true,,0.5712252064154882,0.9362992922143579,0.8518771598112734,0.5797848858050088
rf,false,false,true,,0.7589339533281667,0.8475741693513488,0.87144041302272,0.7172821578747279
rf,false,false,true,,0.7216658524670249,0.9191879909776776,0.9009430445662251,0.7346171227326374
rf,false,false,true,,0.48422202001819836,0.9155598375886037,0.8006734886390912,0.4619033163170978
rf,false,false,true,,0.5956610169491525,0.9069575390544353,0.8542991686402998,0.6019800121670129
rf,false,false,true,,0.5613938862074009,0.8879185703545197,0.8196639191820679,0.5387884417592187
rf,false,false,true,,0.7067262017860536,0.8604476317159215,0.8662471931272968,0.6847127207631475
rf,false,false,true,,0.5844147602880985,0.8856565850843872,0.820371299273682,0.5535548828773652
rf,false,false,true,,0.68910587784798,0.8653171130451507,0.8567516754455372,0.6617937901502342
sgd,false,false,false,,0.0,0.0,0.0,0.0
sgd,false,false,true,,0.0,0.0,0.0,0.0
sgd,false,false,false,,NaN,0.0,0.5,0.0
sgd,false,false,false,,NaN,0.0,0.5,0.0
sgd,false,false,false,,NaN,0.0,0.5,0.0
sgd,false,false,false,,NaN,0.0,0.5,0.0
sgd,false,false,true,,NaN,0.0,0.5,0.0
sgd,false,false,false,,NaN,0.0,0.5,0.0
sgd,false,false,true,,NaN,0.0,0.5,0.0
sgd,false,false,true,,NaN,0.0,0.5,0.0
sgd,false,false,true,,NaN,0.0,0.5,0.0
sgd,false,false,true,,0.2967398536260812,0.6676646706586826,0.6987351983150264,0.2617904186575919
sgd,false,false,true,,NaN,0.0,0.5,0.0
sgd,false,false,true,,0.2926088122262937,0.7001710863986313,0.7055668461499438,0.2606221287762334
sgd,false,false,true,,0.3719269703543022,0.6687794571753616,0.7201495760263603,0.33398053187722015
sgd,false,false,true,,0.3472474289171204,0.6181538461538462,0.7009235351394696,0.3050156113032642
sgd,false,false,false,,NaN,0.0,0.5,0.0
sgd,false,false,true,,0.3705987488829312,0.6739801722736877,0.7212045926141241,0.3335148340636959
sgd,false,false,true,,0.3960314857330272,0.5822784810126582,0.6919712499842364,0.3246534065558417
sgd,false,false,true,,0.3501277195454946,0.6115384615384616,0.7001217137293086,0.306978386157842
sgd,false,false,true,,NaN,0.0,0.5,0.0
sgd,false,false,true,,0.47294117647058825,0.501117606602476,0.6655837882579394,0.32444402820352813
sgd,false,false,false,,0.5686274509803921,0.0019957332599270525,0.5007539641909391,0.0022768502734868364
sgd,false,false,true,,0.39933712925979437,0.5664858348402653,0.6880868819856837,0.3235793719331177
sgd,false,false,false,,0.7047619047619048,0.16262795674050085,0.5691072304634279,0.18350143618264342
sgd,false,false,true,,0.4471695520747458,0.5595770288858322,0.674524668067697,0.32098304824054263
sgd,false,false,true,,0.5686274509803921,0.0019957332599270525,0.5007539641909391,0.0022768502734868364
sgd,false,false,false,,0.7370572207084468,0.312160407751118,0.6344272495000916,0.32633916077469355
sgd,false,false,true,,0.7047619047619048,0.16262795674050085,0.5691072304634279,0.18350143618264342
sgd,false,false,true,,0.44504538107671265,0.5568172979699775,0.6635387413750343,0.3017253615480299
sgd,false,false,true,,0.7370572207084468,0.312160407751118,0.6344272495000916,0.32633916077469355
sgd,false,false,true,,0.5209128774730997,0.4669051878354204,0.6624100533201345,0.33649194495674833
sgd,false,false,true,,0.41574448942869996,0.6360195444222696,0.6740186413907358,0.2950564661739885
sgd,false,false,true,,0.43855577742997465,0.5592182231092148,0.6642765173195742,0.3005303158166281
sgd,false,false,true,,0.5233925703331433,0.5842345728991961,0.6967948127697506,0.3794386249517972
sgd,false,false,true,,0.5091164095371669,0.6298074142617547,0.7060999269766869,0.38306580424155323
sgd,false,false,true,,0.5696614869921205,0.6222532095975382,0.7197279510964504,0.4273990318496541
sgd,false,false,true,,0.5699294453871573,0.6136942828292542,0.7168041346831387,0.4236672786731857
mlp,false,true,false,,0.416129702764498,0.4281437125748503,0.6649276061311707,0.3217144904983835
mlp,false,true,false,,0.5052793925732589,0.6921826751178287,0.7909319696332975,0.48371118374253247
mlp,false,true,false,,0.4958941165104821,0.7896923076923077,0.877463122392242,0.5158835254133222
mlp,false,true,false,,0.516686727213043,0.5692585895117541,0.8065385628085591,0.43321030494197243
mlp,false,true,false,,0.4275414219548298,0.7697730398899587,0.8191450921600636,0.3567754166843871
mlp,false,true,false,,0.43381890117795163,0.7504861165124057,0.8023111163734402,0.34270689816679956
mlp,false,true,false,,0.6105872622001655,0.5080173422338449,0.8013068032088595,0.4279930684042163
mlp,false,true,false,,0.5956431079894644,0.6277832398357527,0.807639756526055,0.4669801204017978
mlp,false,true,false,,0.5506078699374146,0.7360677020724143,0.8310390714075505,0.4555604876169918
sgd,false,true,false,,0.2967398536260812,0.6676646706586826,0.6987351983150264,0.2617904186575919
sgd,false,true,false,,0.3719269703543022,0.6687794571753616,0.7201495760263603,0.33398053187722015
sgd,false,true,false,,0.3472474289171204,0.6181538461538462,0.7009235351394696,0.3050156113032642
sgd,false,true,false,,0.3960314857330272,0.5822784810126582,0.6919712499842364,0.3246534065558417
sgd,false,true,false,,0.47294117647058825,0.501117606602476,0.6655837882579394,0.32444402820352813
sgd,false,true,false,,0.44504538107671265,0.5568172979699775,0.6635387413750343,0.3017253615480299
sgd,false,true,false,,0.41574448942869996,0.6360195444222696,0.6740186413907358,0.2950564661739885
sgd,false,true,false,,0.5233925703331433,0.5842345728991961,0.6967948127697506,0.3794386249517972
sgd,false,true,false,,0.5696614869921205,0.6222532095975382,0.7197279510964504,0.4273990318496541
rf,false,true,false,,0.6975848792439622,0.4262189905902481,0.7421955145986979,0.4705657519762297
rf,false,true,false,,0.7706057596822244,0.7567040468064359,0.8694584643614314,0.7162867350256281
rf,false,true,false,,0.7630662020905923,0.9433846153846154,0.9748754708834324,0.8108828119023622
rf,false,true,false,,0.7955299029841582,0.780952380952381,0.8998611816244922,0.7413964157178132
rf,false,true,false,,0.785190753617741,0.7183631361760661,0.8951510543839938,0.6786473672290672
rf,false,true,false,,0.8689324030309851,0.9008322314692385,0.9627933264592069,0.8454880474884654
rf,false,true,false,,0.846550016507098,0.8823205560525772,0.9424397186777531,0.8190615385972321
rf,false,true,false,,0.8753843371314886,0.839743219015673,0.9296558953096729,0.8074528702032211
rf,false,true,false,,0.8908265400887422,0.830215896523537,0.9297591974225038,0.8074363745204512
mlp,false,false,false,,0.44556859571023877,0.4709153122326775,0.6530748717601732,0.36231131399312655
mlp,true,false,false,FS_R4_1,0.4367606915377616,0.41060735671514115,0.6500063679452164,0.32834154186440556
mlp,false,false,false,,0.4604324097397145,0.7129855355111328,0.8459434007564348,0.44631110151613884
mlp,false,false,false,,0.36507009345794394,0.8653846153846154,0.8841862473399217,0.3756971204441451
mlp,false,false,false,,0.4578961061486428,0.6365280289330922,0.8465986982322296,0.4066156962776066
mlp,true,false,false,FS_R5_1,0.4345789833154454,0.7238745327482529,0.8573725814701376,0.4214411368245944
mlp,true,false,false,FS_R6_1,0.4906189555125725,0.7804615384615384,0.8674930210118652,0.5075968363677336
mlp,false,false,false,,0.43002077395043237,0.7652166437414031,0.8167818082680005,0.3591699744756194
mlp,true,false,false,FS_R7_1,0.3389164245428132,0.7171790235081374,0.7519023031943872,0.28235605803696867
mlp,true,false,false,FS_R8_1,0.43487592922207097,0.7141506189821183,0.8097676161695135,0.35289828914477356
mlp,false,false,false,,0.3836087711401196,0.9279769775219725,0.8092961816751826,0.2946937068233404
mlp,true,false,false,FS_R9_1,0.4607117144914121,0.6968188535428171,0.8022777296256474,0.3644453146038193
mlp,false,false,false,,0.5848181416580769,0.5466244580551923,0.8134588129575717,0.4311335908964782
mlp,true,false,false,FS_R10_1,0.3702254518352897,0.8204528249948386,0.8031090621915284,0.2625706570344451
mlp,false,false,false,,0.5170160740770433,0.7459371927592389,0.8266455824213186,0.4345045145058576
mlp,true,false,false,FS_R11_1,0.4475409316907876,0.8173037996645653,0.817273862301954,0.36026817871082706
mlp,false,false,false,,0.5859120521172638,0.6919267202000289,0.8289162041307595,0.47547397587363727
mlp,true,false,false,FS_R12_1,0.5451925882696236,0.7187094292446026,0.8270111217568525,0.4425213864687716
sgd,false,false,false,,0.2926088122262937,0.7001710863986313,0.7055668461499438,0.2606221287762334
sgd,true,false,false,FS_R4_1,0.3048312506149759,0.6625320786997434,0.7022673539861557,0.27213298291222726
sgd,false,false,false,,0.3705987488829312,0.6739801722736877,0.7212045926141241,0.3335148340636959
sgd,false,false,false,,0.3501277195454946,0.6115384615384616,0.7001217137293086,0.306978386157842
sgd,false,false,false,,0.39933712925979437,0.5664858348402653,0.6880868819856837,0.3235793719331177
sgd,true,false,false,FS_R5_1,0.37064137308039746,0.6668291890134893,0.7188785255911138,0.33195433848554984
sgd,true,false,false,FS_R6_1,0.36702811983091344,0.6144615384615385,0.7085996907039349,0.3273872615201565
sgd,false,false,false,,0.4471695520747458,0.5595770288858322,0.674524668067697,0.32098304824054263
sgd,true,false,false,FS_R7_1,0.41874534623976173,0.5423749246534056,0.6871114236611491,0.3357317657382405
sgd,true,false,false,FS_R8_1,0.4504971590909091,0.545306052269601,0.6714443298001329,0.319499876895947
sgd,false,false,false,,0.5209128774730997,0.4669051878354204,0.6624100533201345,0.33649194495674833
sgd,true,false,false,FS_R9_1,0.5179241168774531,0.4618495761064012,0.6598050412894257,0.3316221340960975
sgd,false,false,false,,0.43855577742997465,0.5592182231092148,0.6642765173195742,0.3005303158166281
sgd,true,false,false,FS_R10_1,0.4421825002758468,0.5515793820108733,0.6636943473247271,0.30206223321351033
sgd,false,false,false,,0.5091164095371669,0.6298074142617547,0.7060999269766869,0.38306580424155323
sgd,true,false,false,FS_R11_1,0.5190283009755626,0.621537215892661,0.7075708130362749,0.3904041874840898
sgd,false,false,false,,0.5699294453871573,0.6136942828292542,0.7168041346831387,0.4236672786731857
sgd,true,false,false,FS_R12_1,0.580598036977859,0.6115305092080588,0.7198733323901176,0.43270250820268896
rf,false,false,false,,0.888641425389755,0.42664670658682635,0.6863586508590431,0.5322469254876323
rf,true,false,false,FS_R4_1,0.47564194864410847,0.4238665526090676,0.680482358808113,0.36033863795287496
rf,false,false,false,,0.9197628458498024,0.7563790021127905,0.8689726072950208,0.7996875615110902
rf,false,false,false,,0.865931268561731,0.942,0.9729482854335653,0.8832763934375645
rf,false,false,false,,0.9332372025955299,0.7802290536467752,0.9084370981660365,0.8199676666045482
rf,true,false,false,FS_R5_1,0.6782979976442874,0.7487404518121241,0.8584066909532144,0.6499759735980425
rf,true,false,false,FS_R6_1,0.7295101842870999,0.9256923076923077,0.9652744429806976,0.7767940465774036
rf,false,false,false,,0.8811606571367613,0.7101100412654745,0.8777431944300947,0.7302754131765439
rf,true,false,false,FS_R7_1,0.7637823585810163,0.7682941531042797,0.8970619295567549,0.7135863596692609
rf,true,false,false,FS_R8_1,0.6907216494845361,0.7027166437414031,0.8437976507569548,0.603318399980691
rf,false,false,false,,0.940577111183567,0.8974877498638874,0.9599257482091882,0.8924042984232823
rf,true,false,false,FS_R9_1,0.8155325764697375,0.8771875243058256,0.9375992836398316,0.7915166990921911
rf,false,false,false,,0.8960364784286216,0.8790172734154567,0.9413571207423963,0.8516390235308893
rf,true,false,false,FS_R10_1,0.792437449049978,0.8696579726102814,0.9291251016063067,0.7708095484265792
rf,false,false,false,,0.9367935559308822,0.8340176970678388,0.9252647011801387,0.8435437058104378
rf,true,false,false,FS_R11_1,0.8621820168781494,0.8212943149615407,0.9105566232525707,0.7862116069620823
rf,false,false,false,,0.9370297677461563,0.826417271721883,0.9288109033583141,0.834936948152179
rf,true,false,false,FS_R12_1,0.877836041742381,0.8130018752704717,0.9099947010653145,0.7867596273943667
mlp,true,false,false,FS_R4_1,1.0,0.14563729683490162,0.6614432725259385,0.22552757550355887
mlp,true,false,true,FS_R4_1,0.40832420591456736,0.39863130881094955,0.6499985349196437,0.3029791077638773
mlp,true,false,false,FS_R5_1,0.7360935524652339,0.3785145457500406,0.8572079590614256,0.43542395011800084
mlp,true,false,false,FS_R6_1,0.5768364127985579,0.5907692307692308,0.8781167019875136,0.5051296889992578
mlp,true,false,false,FS_R7_1,0.8166431593794076,0.27920433996383365,0.7065893892486498,0.356244558829851
mlp,true,false,true,FS_R4_1,0.2892132850004899,0.6313088109495295,0.6831865410283727,0.2458162646035252
mlp,true,false,true,FS_R5_1,0.42269736842105265,0.6265236470014627,0.7267062898649057,0.38027599118984023
mlp,true,false,true,FS_R6_1,0.44540205119365683,0.7950769230769231,0.8053940088206656,0.4629050172770877
mlp,true,false,true,FS_R4_1,0.3392075694855115,0.613344739093242,0.7046602456786689,0.30658769431722566
mlp,true,false,false,FS_R8_1,0.7219531098624298,0.3203232462173315,0.7786366306037749,0.3506297531310736
mlp,true,false,true,FS_R7_1,0.44413246345693286,0.6483423749246534,0.7335521616404145,0.3963381845483175
mlp,true,false,true,FS_R5_1,0.3381887736334878,0.7471152283438973,0.725665196206538,0.3044857391982938
mlp,true,false,true,FS_R8_1,0.31560638949184616,0.9749828060522696,0.6657871935187701,0.19202548987646276
mlp,true,false,true,FS_R6_1,0.24894852793911476,0.9561538461538461,0.7095907554842774,0.19442741599009275
mlp,true,false,true,FS_R5_1,0.3824438319552326,0.7441898261010889,0.7505390506187696,0.3638223376764142
mlp,true,false,true,FS_R6_1,0.22340350877192983,0.9795384615384616,0.6728409989117361,0.1454104806649801
mlp,true,false,true,FS_R7_1,0.27748303516347933,0.813381555153707,0.6701739085173742,0.19448827777127478
mlp,true,false,false,FS_R9_1,0.7295067881079224,0.33017033522594696,0.8101487772690859,0.35460532672255696
mlp,true,false,true,FS_R7_1,0.19160506415158468,0.8155515370705244,0.5235166339328228,0.020769375915647908
mlp,true,false,true,FS_R8_1,0.303696596572586,0.9796251719394773,0.6480550054553886,0.1668998391072603
mlp,true,false,true,FS_R8_1,0.30894992272862837,0.9796251719394773,0.6564007658614269,0.17822440250828475
mlp,true,false,true,FS_R9_1,0.30986051683709237,0.9969666329625885,0.6311235100114175,0.15055430664309735
mlp,true,false,false,FS_R10_1,0.6964454976303317,0.40451448627073155,0.793167588339693,0.4052810897080136
mlp,true,false,false,FS_R11_1,0.7620478157466516,0.35209068301428487,0.8129634933582479,0.37792012822885956
mlp,true,false,true,FS_R10_1,0.32282375033974947,0.8991122427912738,0.6457202012182534,0.18158378418570947
mlp,true,false,true,FS_R9_1,0.3020138970674832,0.9972777475305281,0.617330486602076,0.13256273305531568
mlp,true,false,false,FS_R12_1,0.7356578147172106,0.3489926431696879,0.7873018037848434,0.35767050879979717
mlp,true,false,true,FS_R11_1,0.3814695358564733,0.8755421895783934,0.6834085813182524,0.25913799062128146
mlp,true,false,true,FS_R9_1,0.3069655916556768,0.9957221746908299,0.625946117069789,0.14388317783104335
mlp,true,false,true,FS_R10_1,0.3380081248221078,0.8989746060147271,0.6658509393709999,0.21229589984053726
mlp,true,false,true,FS_R12_1,0.37110099137583624,0.8855604173678896,0.6509795355351041,0.2121089701390658
mlp,true,false,true,FS_R10_1,0.30653927813163484,0.9935998898905788,0.6346935147900787,0.15309581067612976
mlp,true,false,true,FS_R11_1,0.37199026061863105,0.9542536579723555,0.6884755813694987,0.25093643431933954
mlp,true,false,true,FS_R11_1,0.30433862433862435,0.997975825573998,0.5902587409391999,0.10427214616142658
mlp,true,false,true,FS_R12_1,0.3888457133507853,0.914218396884166,0.6777243816881563,0.25158307340105457
mlp,true,false,true,FS_R12_1,0.3936707020786179,0.9115737846804828,0.6827969895728517,0.2607677780221852
sgd,true,false,false,FS_R4_1,NaN,0.0,0.5,0.0
sgd,true,false,true,FS_R4_1,NaN,0.0,0.5,0.0
sgd,true,false,false,FS_R5_1,NaN,0.0,0.5,0.0
sgd,true,false,false,FS_R6_1,NaN,0.0,0.5,0.0
sgd,true,false,false,FS_R7_1,NaN,0.0,0.5,0.0
sgd,true,false,true,FS_R4_1,0.35614385614385613,0.6099230111206159,0.7108189405588472,0.32547625405662883
sgd,true,false,true,FS_R5_1,NaN,0.0,0.5,0.0
sgd,true,false,true,FS_R6_1,NaN,0.0,0.5,0.0
sgd,true,false,true,FS_R4_1,0.3048312506149759,0.6625320786997434,0.7022673539861557,0.27213298291222726
sgd,true,false,false,FS_R8_1,NaN,0.0,0.5,0.0
sgd,true,false,true,FS_R7_1,NaN,0.0,0.5,0.0
sgd,true,false,true,FS_R5_1,0.3864664549042256,0.6525272224930928,0.7214763422257008,0.3475274370756524
sgd,true,false,true,FS_R8_1,NaN,0.0,0.5,0.0
sgd,true,false,true,FS_R6_1,0.34968017057569295,0.6055384615384616,0.697952230941062,0.3050713703499111
sgd,true,false,true,FS_R5_1,0.37064137308039746,0.6668291890134893,0.7188785255911138,0.33195433848554984
sgd,true,false,true,FS_R6_1,0.36702811983091344,0.6144615384615385,0.7085996907039349,0.3273872615201565
sgd,true,false,true,FS_R7_1,0.4040624475407084,0.5803496081977094,0.6945879546952628,0.3327936462370808
sgd,true,false,false,FS_R9_1,NaN,0.0,0.5,0.0
sgd,true,false,true,FS_R7_1,0.41874534623976173,0.5423749246534056,0.6871114236611491,0.3357317657382405
sgd,true,false,true,FS_R8_1,0.48343922066920797,0.4906292984869326,0.6655459236070693,0.3293878097608039
sgd,true,false,true,FS_R8_1,0.4504971590909091,0.545306052269601,0.6714443298001329,0.319499876895947
sgd,true,false,true,FS_R9_1,NaN,0.0,0.5,0.0
sgd,true,false,false,FS_R10_1,NaN,0.0,0.5,0.0
sgd,true,false,false,FS_R11_1,0.40625,0.03683997455323579,0.508772718769613,0.024772335466446027
sgd,true,false,true,FS_R10_1,NaN,0.0,0.5,0.0
sgd,true,false,true,FS_R9_1,0.44489973303532626,0.5573617484638719,0.6636308189008502,0.3017431344606144
sgd,true,false,false,FS_R12_1,0.7382331643736423,0.29412896090782326,0.6267858716281823,0.31068100617285804
sgd,true,false,true,FS_R11_1,0.40625,0.03683997455323579,0.508772718769613,0.024772335466446027
sgd,true,false,true,FS_R9_1,0.5179241168774531,0.4618495761064012,0.6598050412894257,0.3316221340960975
sgd,true,false,true,FS_R10_1,0.4276598830183207,0.6088362810542977,0.6731542824340224,0.30282986878985896
sgd,true,false,true,FS_R12_1,0.7382331643736423,0.29412896090782326,0.6267858716281823,0.31068100617285804
sgd,true,false,true,FS_R10_1,0.4421825002758468,0.5515793820108733,0.6636943473247271,0.30206223321351033
sgd,true,false,true,FS_R11_1,0.5351528854435831,0.5749233705395871,0.6979835289239426,0.3867460463385617
sgd,true,false,true,FS_R11_1,0.5190283009755626,0.621537215892661,0.7075708130362749,0.3904041874840898
sgd,true,false,true,FS_R12_1,0.5798983364140481,0.6034043371640141,0.7167077781556794,0.4281129936205754
sgd,true,false,true,FS_R12_1,0.580598036977859,0.6115305092080588,0.7198733323901176,0.43270250820268896
rf,true,false,false,FS_R4_1,0.8717179294823706,0.24850299401197604,0.6804906604094928,0.34432469635589796
rf,true,false,true,FS_R4_1,0.5489470688673876,0.41253207869974334,0.6773257822654428,0.395390519162045
rf,true,false,false,FS_R5_1,0.886700597477318,0.6512270437185113,0.8584797362356467,0.7095465316981892
rf,true,false,false,FS_R6_1,0.9368160960112955,0.8166153846153846,0.964328267986095,0.8507835472778321
rf,true,false,false,FS_R7_1,0.9493071983778304,0.6772754671488849,0.8999097553152265,0.752988523983895
rf,true,false,true,FS_R4_1,0.4235541535226078,0.43071000855431996,0.6653075313002391,0.32831523317581085
rf,true,false,true,FS_R5_1,0.6701030927835051,0.7500406305867057,0.8376690954603812,0.6446657119588409
rf,true,false,true,FS_R6_1,0.6645597210113339,0.9381538461538461,0.9250022338049144,0.7280378777963046
rf,true,false,true,FS_R4_1,0.4298321136461472,0.4270744225834046,0.6651695513442878,0.3312201831060678
rf,true,false,false,FS_R8_1,0.8234391596837012,0.5998108665749656,0.8403845398992613,0.6191618156783387
rf,true,false,true,FS_R7_1,0.7370296147851259,0.7980711271850512,0.8672361074951617,0.7115865588551062
rf,true,false,true,FS_R5_1,0.5409684502484687,0.7607671054770031,0.8150846772206479,0.5422894789671275
rf,true,false,true,FS_R8_1,0.6233576642335766,0.734181568088033,0.7995921575625786,0.5642882051055461
rf,true,false,true,FS_R6_1,0.5496794871794872,0.9498461538461539,0.9024962483532848,0.6210205824946194
rf,true,false,true,FS_R5_1,0.5782178217821782,0.7593044043555989,0.823625372428342,0.5753796210093441
rf,true,false,true,FS_R6_1,0.5893318038428449,0.9484615384615385,0.9127152185119423,0.6614165270623923
rf,true,false,true,FS_R7_1,0.5918134805855026,0.8139843279083785,0.8442952685073544,0.6009797921946508
rf,true,false,false,FS_R9_1,0.9310006248326341,0.8112312359026211,0.9391144168700896,0.8269285974143762
rf,true,false,true,FS_R7_1,0.6319821567106284,0.7856540084388186,0.8417351600663626,0.6245020160166899
rf,true,false,true,FS_R8_1,0.5806429871267776,0.7406292984869326,0.7889238635908488,0.5273095916878147
rf,true,false,true,FS_R8_1,0.5739396764098809,0.7410591471801926,0.7868234280756154,0.5208891374569945
rf,true,false,true,FS_R9_1,0.739654067905189,0.8980322003577818,0.8967217902733398,0.7404029369413124
rf,true,false,false,FS_R10_1,0.8406730369754881,0.8355240520267015,0.9313969346977583,0.7861358959842767
rf,true,false,false,FS_R11_1,0.9349809368191722,0.7942282112081429,0.9115335874759224,0.8137376978522062
rf,true,false,true,FS_R10_1,0.6785938809723386,0.891404583304659,0.8776867705880279,0.682804015166263
rf,true,false,true,FS_R9_1,0.6527894825551998,0.9037100412226803,0.8723326694262254,0.6598139984454796
rf,true,false,false,FS_R12_1,0.9198368806211944,0.7917488099245084,0.9141401477774846,0.7989098719576089
rf,true,false,true,FS_R11_1,0.7812971342383107,0.8388178821352148,0.8773381460746538,0.737262235763146
rf,true,false,true,FS_R9_1,0.6837179185307276,0.9033989266547406,0.88256134149604,0.6908586028670244
rf,true,false,true,FS_R10_1,0.6378954607977991,0.8936067717294061,0.8650849823170312,0.6428373923443871
rf,true,false,true,FS_R12_1,0.7856691634329032,0.8372361398278598,0.8742089450074227,0.7337031410435765
rf,true,false,true,FS_R10_1,0.6605822668638148,0.8916110384694791,0.8720028584808592,0.66516618859246
rf,true,false,true,FS_R11_1,0.7164451009354997,0.8415360592215604,0.8610917467624009,0.6838754743760145
rf,true,false,true,FS_R11_1,0.7562093204894559,0.8399167196807588,0.871442236156387,0.7174069570097257
rf,true,false,true,FS_R12_1,0.7355055899588546,0.8509400394287637,0.8659711416291164,0.6984470162337519
rf,true,false,true,FS_R12_1,0.7521516829995739,0.8488243496658172,0.8700273580789819,0.7120885589473749
mlp,true,true,false,FS_R4_1,0.40184177480117206,0.41060735671514115,0.6615658988146157,0.30349492652382537
mlp,true,true,false,FS_R5_1,0.4703840312432198,0.7046968958231757,0.7723291324721284,0.45398258126959784
mlp,true,true,false,FS_R6_1,0.46245823808686476,0.8092307692307692,0.8812800098692761,0.48587830169046436
mlp,true,true,false,FS_R7_1,0.5069543313985325,0.5580470162748644,0.7525482027904845,0.4203746234628618
mlp,true,true,false,FS_R8_1,0.4003322966812934,0.8078576341127923,0.815139693594252,0.3246443184117545
mlp,true,true,false,FS_R9_1,0.518274415817855,0.5382282025355837,0.7885600668486781,0.3679586157566842
mlp,true,true,false,FS_R10_1,0.6403199695267118,0.4627348427499828,0.7997359983190613,0.418304266701175
mlp,true,true,false,FS_R11_1,0.5938369239160076,0.6296917471516974,0.811720401532768,0.4663230726917634
mlp,true,true,false,FS_R12_1,0.6453774006252792,0.6253305765254604,0.8159185604735796,0.496422296687377
sgd,true,true,false,FS_R4_1,0.35614385614385613,0.6099230111206159,0.7108189405588472,0.32547625405662883
sgd,true,true,false,FS_R5_1,0.3864664549042256,0.6525272224930928,0.7214763422257008,0.3475274370756524
sgd,true,true,false,FS_R6_1,0.34968017057569295,0.6055384615384616,0.697952230941062,0.3050713703499111
sgd,true,true,false,FS_R7_1,0.4040624475407084,0.5803496081977094,0.6945879546952628,0.3327936462370808
sgd,true,true,false,FS_R8_1,0.48343922066920797,0.4906292984869326,0.6655459236070693,0.3293878097608039
sgd,true,true,false,FS_R9_1,0.44489973303532626,0.5573617484638719,0.6636308189008502,0.3017431344606144
sgd,true,true,false,FS_R10_1,0.4276598830183207,0.6088362810542977,0.6731542824340224,0.30282986878985896
sgd,true,true,false,FS_R11_1,0.5351528854435831,0.5749233705395871,0.6979835289239426,0.3867460463385617
sgd,true,true,false,FS_R12_1,0.5798983364140481,0.6034043371640141,0.7167077781556794,0.4281129936205754
rf,true,true,false,FS_R4_1,0.47564194864410847,0.4238665526090676,0.6814018880668612,0.36033863795287496
rf,true,true,false,FS_R5_1,0.6923076923076923,0.7401267674305217,0.8539496783063212,0.6555195048913023
rf,true,true,false,FS_R6_1,0.7191805439079909,0.9235384615384615,0.9622430441429811,0.7676472836650561
rf,true,true,false,FS_R7_1,0.7471130292779657,0.7721518987341772,0.8947114501552993,0.7046065836998134
rf,true,true,false,FS_R8_1,0.7018996165911467,0.6924862448418156,0.8419969386379166,0.6058112586126867
rf,true,true,false,FS_R9_1,0.8262571069925423,0.8703430038111535,0.9368108924063007,0.7955857632457537
rf,true,true,false,FS_R10_1,0.7876282250543986,0.8718601610350286,0.9270674333228401,0.7682724788071889
rf,true,true,false,FS_R11_1,0.8406292346668238,0.8251691631484588,0.9023376686829401,0.7736742479902698
rf,true,true,false,FS_R12_1,0.8694626743232158,0.815406068182911,0.910321628594165,0.7826682921990826
